utc_time,network,seconds_on_screen,program,text
2021-09-02 00:59:00,FOXNEWSW,18,FOXNEWSW_20210902_000000_Tucker_Carlson_Tonight/start/3540,PEN FARTHING NOWZAD FOUNDER
2021-09-02 00:59:00,FOXNEWSW,18,FOXNEWSW_20210902_000000_Tucker_Carlson_Tonight/start/3540,PEN FARTHING NOWZAD FOUNDER
2021-09-02 05:07:00,FOXNEWSW,35,FOXNEWSW_20210902_050000_Tucker_Carlson_Tonight/start/420,TRAVEL BAN IN EFFECT ON ALL NYC ROADS
2021-09-02 05:58:00,FOXNEWSW,40,FOXNEWSW_20210902_050000_Tucker_Carlson_Tonight/start/3480,PEN FARTHING NOWZAD FOUNDER. 4 ROYAL MARINE PEN FARTHING MANAGED TO GET 140 DOGS AND AO CATS OILIT OFE KARIN
2021-09-02 05:59:00,FOXNEWSW,14,FOXNEWSW_20210902_050000_Tucker_Carlson_Tonight/start/3540,PEN FARTHING NOWZAD FOUNDER. L GROUP US LEFT DOGS TO DIE IN KABUL AIRPORT
2021-09-02 06:00:00,FOXNEWSW,30,FOXNEWSW_20210902_050000_Tucker_Carlson_Tonight/start/3600,NY METRO AREA HIT WITH HISTORIC FLASH FLOODING RESCILIES ARE LIND
2021-09-03 00:03:00,FOXNEWSW,12,FOXNEWSW_20210903_000000_Tucker_Carlson_Tonight/start/180,NEAR TOTAL ABORTION BAN TAKES EFFECT
2021-09-03 00:14:00,FOXNEWSW,14,FOXNEWSW_20210903_000000_Tucker_Carlson_Tonight/start/840,SUPREME COURT REFUSES TO STRIKE DOWN NEW TX ABORTION LAW
2021-09-03 00:28:00,FOXNEWSW,18,FOXNEWSW_20210903_000000_Tucker_Carlson_Tonight/start/1680,COLORADO COVID TESTING COMPANY DENIES
2021-09-03 00:56:00,FOXNEWSW,13,FOXNEWSW_20210903_000000_Tucker_Carlson_Tonight/start/3360,FORMER CA DEMOCRATIC SENATE LEADER ON WHY SHE IS ENDORSING 1 ARRY FIDER
2021-09-03 00:57:00,FOXNEWSW,52,FOXNEWSW_20210903_000000_Tucker_Carlson_Tonight/start/3420,GLORIA ROMERO D FMR CA SENATE MAJORITY LEADER
2021-09-03 05:03:00,FOXNEWSW,7,FOXNEWSW_20210903_050000_Tucker_Carlson_Tonight/start/180,NATIONAL ABORTION BAN TAKES EFFECT
2021-09-03 05:47:00,FOXNEWSW,7,FOXNEWSW_20210903_050000_Tucker_Carlson_Tonight/start/2820,CHARGES OF INDECENT EXPOSURE HAVE BEEN FILED AGAINST SERIAL SEX OFFENDER IN A SPA INCIDENT
2021-09-03 05:49:00,FOXNEWSW,52,FOXNEWSW_20210903_050000_Tucker_Carlson_Tonight/start/2940,NAKED BIOLOGICAL MALE WHO IDENTIFIES AS FEMALE SAYS SHE IS THE VICTIM OF TRANSPHOBIC HARASSMENT
2021-09-03 05:57:00,FOXNEWSW,51,FOXNEWSW_20210903_050000_Tucker_Carlson_Tonight/start/3420,GLORIA ROMERO D FMR CA SENATE MAJORITY LEADER
2021-09-03 05:58:00,FOXNEWSW,9,FOXNEWSW_20210903_050000_Tucker_Carlson_Tonight/start/3480,JON GRUDEN RESIGNS AFTER LEAKED EMAILS
2021-09-04 00:12:00,FOXNEWSW,20,FOXNEWSW_20210904_000000_Tucker_Carlson_Tonight/start/720,BIDEN TEAM ARE UNFIT TO LEAD THIS COUNTRY
2021-09-04 00:16:00,FOXNEWSW,13,FOXNEWSW_20210904_000000_Tucker_Carlson_Tonight/start/960,US GOVT LIED FOR TWO DECADES ABOUT AFGHANISTAN
2021-09-04 00:27:00,FOXNEWSW,26,FOXNEWSW_20210904_000000_Tucker_Carlson_Tonight/start/1620,TALIBAN VOWS TO FIGHT TERROR CLIMATE CHANGE
2021-09-04 05:35:00,FOXNEWSW,14,FOXNEWSW_20210904_050000_Tucker_Carlson_Tonight/start/2100,AT LEAST 49 PPL CONFIRMED DEAD FOLLOWING CATASTROPHIC FIOODING IN THE NORTHEAST
2021-09-07 00:27:00,FOXNEWSW,16,FOXNEWSW_20210907_000000_Tucker_Carlson_Tonight_Special/start/1620,PRES BIDEN TO TOUR STORM RAVAGED NY NJ TOMORROW
2021-09-07 05:27:00,FOXNEWSW,19,FOXNEWSW_20210907_050000_Tucker_Carlson_Tonight_Special/start/1620,MANY FIRST RESPONDERS FIGHTING COVID MANDATES
2021-09-08 00:08:00,FOXNEWSW,53,FOXNEWSW_20210908_000000_Tucker_Carlson_Tonight/start/480,MIKE GALLAGHER R WISCONSIN CONGRESSMAN
2021-09-08 00:09:00,FOXNEWSW,11,FOXNEWSW_20210908_000000_Tucker_Carlson_Tonight/start/540,MIKE GALLAGHER R WISCONSIN CONGRESSMAN
2021-09-08 00:10:00,FOXNEWSW,19,FOXNEWSW_20210908_000000_Tucker_Carlson_Tonight/start/600,FAUCI’S BAT CORONAVIRUS GRANT TO ECOHEAITH AIHIANCE TOTAILED OVER 2 MILIION
2021-09-08 00:11:00,FOXNEWSW,22,FOXNEWSW_20210908_000000_Tucker_Carlson_Tonight/start/660,CNN BAD AMERICANS ARE GOING ABOUT THEIR LIVES. HAN WHAT IT WAS LAST LABOR DAY ACCORDING TO DATA FROM JOHN NEW DAY
2021-09-08 00:13:00,FOXNEWSW,25,FOXNEWSW_20210908_000000_Tucker_Carlson_Tonight/start/780,CLAY TRAVIS OUTKICK FOUNDER. REGULAR AMERICANS ARENT SUPPOSED TO BE AEFORDED THE SAME PANDEMIC I1LIXIIRIFS AS THF FIITE
2021-09-08 00:37:00,FOXNEWSW,42,FOXNEWSW_20210908_000000_Tucker_Carlson_Tonight/start/2220,PATRICK MORRISEY WEST VIRGINIA ATTORNEY GENERAL NTAN DI EAM
2021-09-08 00:52:00,FOXNEWSW,9,FOXNEWSW_20210908_000000_Tucker_Carlson_Tonight/start/3120,GIDEON ROZNER INSTITUTE OF PUBLIC AFFAIRS. AUSTRALIANS NOT ALLOWED TO TRAVEL FREFIY WITHIN THFIR OWN COIINTRY
2021-09-08 01:00:00,FOXNEWSW,19,FOXNEWSW_20210908_000000_Tucker_Carlson_Tonight/start/3600,BIDEN ABANDONS AMERICANS IN AFGHANISTAN
2021-09-08 05:01:00,FOXNEWSW,16,FOXNEWSW_20210908_050000_Tucker_Carlson_Tonight/start/60,OGART RUSRIIN US RIGHT TO KNOW EXECUTIVE DIRECTOR
2021-09-08 05:08:00,FOXNEWSW,53,FOXNEWSW_20210908_050000_Tucker_Carlson_Tonight/start/480,MIKE GALLAGHER R WISCONSIN CONGRESSMAN
2021-09-08 05:09:00,FOXNEWSW,11,FOXNEWSW_20210908_050000_Tucker_Carlson_Tonight/start/540,MIKE GALLAGHER R WISCONSIN CONGRESSMAN. FAUCI USED TAXPAYER MONEY TO EFIIND RAT CORONAVIRIIS RFSEARCH
2021-09-08 05:11:00,FOXNEWSW,23,FOXNEWSW_20210908_050000_Tucker_Carlson_Tonight/start/660,CNN BAD AMERICANS ARE GOING ABOUT THEIR LIVES
2021-09-08 05:13:00,FOXNEWSW,24,FOXNEWSW_20210908_050000_Tucker_Carlson_Tonight/start/780,CLAY TRAVIS OUTKICK FOUNDER. REGULAR AMERICANS ARENT SUPPOSED TO BE AEFORDED THE SAME PANDEMIC 1LIXIIRIES AS THF FIITE
2021-09-08 05:21:00,FOXNEWSW,36,FOXNEWSW_20210908_050000_Tucker_Carlson_Tonight/start/1260,BRIT HUME SENIOR POLITICAL ANALYST
2021-09-08 05:37:00,FOXNEWSW,42,FOXNEWSW_20210908_050000_Tucker_Carlson_Tonight/start/2220,PATRICK MORRISEY WEST VIRGINIA ATTORNEY GENERAL NTAN DI EAM
2021-09-08 05:52:00,FOXNEWSW,8,FOXNEWSW_20210908_050000_Tucker_Carlson_Tonight/start/3120,GIDEON ROZNER INSTITUTE OF PUBLIC AFFAIRS
2021-09-08 06:00:00,FOXNEWSW,21,FOXNEWSW_20210908_050000_Tucker_Carlson_Tonight/start/3600,BIDEN ABANDONS AMERICANS IN AFGHANISTAN 2
2021-09-09 00:06:00,FOXNEWSW,29,FOXNEWSW_20210909_000000_Tucker_Carlson_Tonight/start/360,JOE KENT R WA CONGRESSIONAL CANDIDATE
2021-09-09 00:07:00,FOXNEWSW,29,FOXNEWSW_20210909_000000_Tucker_Carlson_Tonight/start/420,JOE KENT R WA CONGRESSIONAL CANDIDATE
2021-09-09 00:10:00,FOXNEWSW,8,FOXNEWSW_20210909_000000_Tucker_Carlson_Tonight/start/600,CORONA COMPLIANCE OFFICERS ARE SCARING BUSINESSES INTO CHECKING VACCINE STATUS
2021-09-09 00:11:00,FOXNEWSW,37,FOXNEWSW_20210909_000000_Tucker_Carlson_Tonight/start/660,BIDENS LATE ADDITION TO THE GOVT FUNDING BILL
2021-09-09 00:13:00,FOXNEWSW,13,FOXNEWSW_20210909_000000_Tucker_Carlson_Tonight/start/780,SEAN DUFFY R FORMER WISCONSIN CONGRESSMAN
2021-09-09 00:37:00,FOXNEWSW,5,FOXNEWSW_20210909_000000_Tucker_Carlson_Tonight/start/2220,JOE BASTARDI WEAPONIZATION OF WEATHER AUTHOR
2021-09-09 01:00:00,FOXNEWSW,5,FOXNEWSW_20210909_000000_Tucker_Carlson_Tonight/start/3600,AODURT FARNKN INJ SATURDAY MAY 21 2022
2021-09-09 05:06:00,FOXNEWSW,18,FOXNEWSW_20210909_050000_Tucker_Carlson_Tonight/start/360,JOE KENT R WA CONGRESSIONAL CANDIDATE
2021-09-09 05:37:00,FOXNEWSW,12,FOXNEWSW_20210909_050000_Tucker_Carlson_Tonight/start/2220,R AMERICA IS NO STRANGER TO WEIRD WEATHER EVENTS
2021-09-09 05:56:00,FOXNEWSW,27,FOXNEWSW_20210909_050000_Tucker_Carlson_Tonight/start/3360,OPENMINDED LIBERALS ATTACK CORONA VICTIMS
2021-09-09 06:00:00,FOXNEWSW,9,FOXNEWSW_20210909_050000_Tucker_Carlson_Tonight/start/3600,PRISONERS FREED IN OBAMAS BERGDAHL SWAP NOW IN TAIIRAN IEADERSHIP
2021-09-10 00:19:00,FOXNEWSW,22,FOXNEWSW_20210910_000000_Tucker_Carlson_Tonight/start/1140,RUNNING FOR CALIFORNIA GOVERNOR LARRY ELDER R
2021-09-10 00:20:00,FOXNEWSW,17,FOXNEWSW_20210910_000000_Tucker_Carlson_Tonight/start/1200,LARRY ELDER R RUNNING FOR CALIFORNIA GOVERNOR
2021-09-10 00:22:00,FOXNEWSW,44,FOXNEWSW_20210910_000000_Tucker_Carlson_Tonight/start/1320,LARRY ELDER R RUNNING FOR CALIFORNIA GOVERNOR
2021-09-10 00:23:00,FOXNEWSW,17,FOXNEWSW_20210910_000000_Tucker_Carlson_Tonight/start/1380,LARRY ELDER R RUNNING FOR CALIFORNIA GOVERNOR
2021-09-10 00:39:00,FOXNEWSW,30,FOXNEWSW_20210910_000000_Tucker_Carlson_Tonight/start/2340,CHINA CLEARLY HAS NO RESPECT FOR BIDEN
2021-09-10 00:51:00,FOXNEWSW,43,FOXNEWSW_20210910_000000_Tucker_Carlson_Tonight/start/3060,PETER BOGHOSSIAN RESIGNED FROM PORTLAND STATE UNIV
2021-09-10 00:52:00,FOXNEWSW,17,FOXNEWSW_20210910_000000_Tucker_Carlson_Tonight/start/3120,PETER BOGHOSSIAN RESIGNED FROM PORTLAND STATE UNIV
2021-09-10 05:19:00,FOXNEWSW,7,FOXNEWSW_20210910_050000_Tucker_Carlson_Tonight/start/1140,IARRY ELDER R RUNNING FOR CAIIFORNIA GOVERNOR
2021-09-10 05:20:00,FOXNEWSW,17,FOXNEWSW_20210910_050000_Tucker_Carlson_Tonight/start/1200,LARRY ELDER R RUNNING FOR CALIFORNIA GOVERNOR
2021-09-10 05:22:00,FOXNEWSW,44,FOXNEWSW_20210910_050000_Tucker_Carlson_Tonight/start/1320,LARRY ELDER R RUNNING FOR CALIFORNIA GOVERNOR
2021-09-10 05:23:00,FOXNEWSW,18,FOXNEWSW_20210910_050000_Tucker_Carlson_Tonight/start/1380,LARRY ELDER COULD BE CALIFORNIAS NEXT GOVERNOR
2021-09-10 05:39:00,FOXNEWSW,31,FOXNEWSW_20210910_050000_Tucker_Carlson_Tonight/start/2340,GORDON CHANG GATESTONE INSTITUTE SENIOR FELLOW
2021-09-10 05:40:00,FOXNEWSW,19,FOXNEWSW_20210910_050000_Tucker_Carlson_Tonight/start/2400,CHINA WARPLANES ENTER TAIWANS AIR DEFENSE ZONE
2021-09-10 05:49:00,FOXNEWSW,31,FOXNEWSW_20210910_050000_Tucker_Carlson_Tonight/start/2940,UNIVERSITIES BECOMING CULTISH TOTALITARIAN
2021-09-10 05:51:00,FOXNEWSW,43,FOXNEWSW_20210910_050000_Tucker_Carlson_Tonight/start/3060,PETER BOGHOSSIAN RESIGNED FROM PORTLAND STATE UNIV
2021-09-10 05:52:00,FOXNEWSW,18,FOXNEWSW_20210910_050000_Tucker_Carlson_Tonight/start/3120,PETER BOGHOSSIAN RESIGNED FROM PORTLAND STATE UNIV. PORTLAND PROFESSOR RESIGNS AND SLAMS LINIVERSITY AS SOCIALI NISTICE EACTORY
2021-09-10 05:58:00,FOXNEWSW,7,FOXNEWSW_20210910_050000_Tucker_Carlson_Tonight/start/3480,CUNINVIIODDIVIN HOMES UNDER 150000 WILL HAVE A MINIMUM LIST SIDE COMMISSION OF 3000
2021-09-11 00:26:00,FOXNEWSW,16,FOXNEWSW_20210911_000000_Tucker_Carlson_Tonight/start/1560,THOUSANDS OF BIOMETRIC DEVICES LEFT IN AFGHANISTAN
2021-09-11 00:27:00,FOXNEWSW,35,FOXNEWSW_20210911_000000_Tucker_Carlson_Tonight/start/1620,KEITH ROSE FMR MEMBER OF INTEL COMMUNITY
2021-09-11 00:29:00,FOXNEWSW,16,FOXNEWSW_20210911_000000_Tucker_Carlson_Tonight/start/1740,KEITH ROSE FMR MEMBER OF INTEL COMMUNITY. FORMER INTEL COMMUNITY MEMBER WE 1EETIETHAI AIDTO A TERRORIST ORGANIZATION
2021-09-11 00:44:00,FOXNEWSW,5,FOXNEWSW_20210911_000000_Tucker_Carlson_Tonight/start/2640,RECORD NUMBER OF BORDER APPREHENSIONS THIS SUMMER
2021-09-11 00:59:00,FOXNEWSW,30,FOXNEWSW_20210911_000000_Tucker_Carlson_Tonight/start/3540,20TH ANNIVERSARY OF THE SEPTEMBER 11TH ATTACKS
2021-09-11 05:08:00,FOXNEWSW,28,FOXNEWSW_20210911_050000_Tucker_Carlson_Tonight/start/480,NYT BIDEN DRONED THE WRONG GUY
2021-09-11 05:26:00,FOXNEWSW,20,FOXNEWSW_20210911_050000_Tucker_Carlson_Tonight/start/1560,KEITH ROSE FMR MEMBER OF INTEL COMMUNITY
2021-09-11 05:27:00,FOXNEWSW,35,FOXNEWSW_20210911_050000_Tucker_Carlson_Tonight/start/1620,KEITH ROSE FMR MEMBER OF INTEL COMMUNITY. WHY WERENT BIOMETRIC MACHINES DESTROYED
2021-09-11 05:29:00,FOXNEWSW,11,FOXNEWSW_20210911_050000_Tucker_Carlson_Tonight/start/1740,FORMER INTEL COMMUNITY MEMBER WE 1EET IETHAI AIDTO A TERRORIST ORGANIZATION
2021-09-11 05:29:00,FOXNEWSW,11,FOXNEWSW_20210911_050000_Tucker_Carlson_Tonight/start/1740,KEITH ROSE FMR MEMBER OF INTEL COMMUNITY
2021-09-11 05:42:00,FOXNEWSW,8,FOXNEWSW_20210911_050000_Tucker_Carlson_Tonight/start/2520,CHECK YOUR LOCAL LISTINGS
2021-09-11 05:59:00,FOXNEWSW,29,FOXNEWSW_20210911_050000_Tucker_Carlson_Tonight/start/3540,US LEFT BEHIND BILLIONS IN MILITARY EQUIPMENT
2021-09-14 00:23:00,FOXNEWSW,22,FOXNEWSW_20210914_000000_Tucker_Carlson_Tonight/start/1380,LARRY ELDER COULD BE CALIFORNIAS NEXT GOVERNOR
2021-09-14 00:25:00,FOXNEWSW,17,FOXNEWSW_20210914_000000_Tucker_Carlson_Tonight/start/1500,LARRY ELDER R RUNNING FOR CALIFORNIA GOVERNOR
2021-09-14 00:25:00,FOXNEWSW,17,FOXNEWSW_20210914_000000_Tucker_Carlson_Tonight/start/1500,NEWSOM RECALL ELECTION IS TOMORROW
2021-09-14 00:26:00,FOXNEWSW,40,FOXNEWSW_20210914_000000_Tucker_Carlson_Tonight/start/1560,LARRY ELDER R RUNNING FOR CALIFORNIA GOVERNOR
2021-09-14 00:26:00,FOXNEWSW,40,FOXNEWSW_20210914_000000_Tucker_Carlson_Tonight/start/1560,OBAMA BIDEN KAMALA HARRIS CAMPAIGN FOR NEWSOM
2021-09-14 00:40:00,FOXNEWSW,24,FOXNEWSW_20210914_000000_Tucker_Carlson_Tonight/start/2400,GLENN GREENWALD JOURNALIST
2021-09-14 05:23:00,FOXNEWSW,17,FOXNEWSW_20210914_050000_Tucker_Carlson_Tonight/start/1380,LARRY ELDER COULD BE CALIFORNIAS NEXT GOVERNOR
2021-09-14 05:25:00,FOXNEWSW,39,FOXNEWSW_20210914_050000_Tucker_Carlson_Tonight/start/1500,LARRY ELDER R RUNNING FOR CALIFORNIA GOVERNOR
2021-09-14 05:26:00,FOXNEWSW,27,FOXNEWSW_20210914_050000_Tucker_Carlson_Tonight/start/1560,LARRY ELDER R RUNNING FOR CALIFORNIA GOVERNOR
2021-09-14 05:26:00,FOXNEWSW,27,FOXNEWSW_20210914_050000_Tucker_Carlson_Tonight/start/1560,OBAMA BIDEN KAMALA HARRIS CAMPAIGN FOR NEWSOM
2021-09-14 05:35:00,FOXNEWSW,3,FOXNEWSW_20210914_050000_Tucker_Carlson_Tonight/start/2100,AFGHAN EVACLIFES COMF GO AS THEY PIFASF
2021-09-16 00:03:00,FOXNEWSW,37,FOXNEWSW_20210916_000000_Tucker_Carlson_Tonight/start/180,NICKI MINAJ VOWS NOT TO BE SILENCED BY THE MOB
2021-09-16 00:06:00,FOXNEWSW,10,FOXNEWSW_20210916_000000_Tucker_Carlson_Tonight/start/360,NICKI MINAJ: YOU SHOULD BE ABLE TO ASK QUESTIONS
2021-09-16 00:09:00,FOXNEWSW,55,FOXNEWSW_20210916_000000_Tucker_Carlson_Tonight/start/540,BIDENS DIVISIVE SPEECH WAS A TURNING POINT
2021-09-16 00:15:00,FOXNEWSW,10,FOXNEWSW_20210916_000000_Tucker_Carlson_Tonight/start/900,COLIEGES MAKING LIFE MISERABIE FOR THE VACCINATED
2021-09-16 00:16:00,FOXNEWSW,29,FOXNEWSW_20210916_000000_Tucker_Carlson_Tonight/start/960,JIM BREUER COMEDIAN JIM BREUER CANCELS STANDUP SHOWS AT
2021-09-16 00:16:00,FOXNEWSW,29,FOXNEWSW_20210916_000000_Tucker_Carlson_Tonight/start/960,S ARSI JIM BREUER CANCELS STANDUP SHOWS AT
2021-09-16 00:18:00,FOXNEWSW,21,FOXNEWSW_20210916_000000_Tucker_Carlson_Tonight/start/1080,JIM BREUER FORMER SNL CAST MEMBER JIM BREUER CANCELS STANDUP SHOWS AT. I JIM BREUER FORMER SNL CAST MEMBER JIM BREUER CANCELS STANDUP SHOWS AT
2021-09-16 00:37:00,FOXNEWSW,16,FOXNEWSW_20210916_000000_Tucker_Carlson_Tonight/start/2220,MOST MIGRANTS NOT SUBJECT TO VACCINE MANDATES
2021-09-16 00:52:00,FOXNEWSW,31,FOXNEWSW_20210916_000000_Tucker_Carlson_Tonight/start/3120,SHARRI MARKSON INVESTIGATVE REPORTER
2021-09-16 00:54:00,FOXNEWSW,14,FOXNEWSW_20210916_000000_Tucker_Carlson_Tonight/start/3240,I A CLOSER LOOK AT THE CORONAVIRUS ORIGINS
2021-09-16 05:09:00,FOXNEWSW,54,FOXNEWSW_20210916_050000_Tucker_Carlson_Tonight/start/540,BIDENS DIVISIVE SPEECH WAS A TURNING POINT
2021-09-16 05:16:00,FOXNEWSW,29,FOXNEWSW_20210916_050000_Tucker_Carlson_Tonight/start/960,JIM BREUER COMEDIAN JIM BREUER CANCELS STANDUP SHOWS AT
2021-09-16 05:16:00,FOXNEWSW,29,FOXNEWSW_20210916_050000_Tucker_Carlson_Tonight/start/960,S AR JIM BREUER CANCELS STANDUP SHOWS AT
2021-09-16 05:18:00,FOXNEWSW,12,FOXNEWSW_20210916_050000_Tucker_Carlson_Tonight/start/1080,JIM BREUER FORMER SNL CAST MEMBER JIM BREUER CANCELS STANDUP SHOWS AT
2021-09-16 05:30:00,FOXNEWSW,22,FOXNEWSW_20210916_050000_Tucker_Carlson_Tonight/start/1800,NEW WOODWARD BOOK: MILLEY HAD SECRET CONVERSATIONS WITH THE CHINESE
2021-09-16 05:31:00,FOXNEWSW,19,FOXNEWSW_20210916_050000_Tucker_Carlson_Tonight/start/1860,L TEDDY DANIELS COMBAT VETERAN NEW WOODWARD BOOK MILLEY HAD
2021-09-16 05:36:00,FOXNEWSW,8,FOXNEWSW_20210916_050000_Tucker_Carlson_Tonight/start/2160,MOST MIGRANTS NOT SUBJECT TO VACCINE MANDATES
2021-09-16 05:37:00,FOXNEWSW,17,FOXNEWSW_20210916_050000_Tucker_Carlson_Tonight/start/2220,MOST MIGRANTS NOT SUBJECT TO VACCINE MANDATES
2021-09-16 05:52:00,FOXNEWSW,31,FOXNEWSW_20210916_050000_Tucker_Carlson_Tonight/start/3120,SHARRI MARKSON INVESTIGATIVE REPORTER
2021-09-17 00:08:00,FOXNEWSW,17,FOXNEWSW_20210917_000000_Tucker_Carlson_Tonight/start/480,BIDEN ADMIN IS LYING ABOUT ECONOMIC GAINS
2021-09-17 00:29:00,FOXNEWSW,19,FOXNEWSW_20210917_000000_Tucker_Carlson_Tonight/start/1740,CORONA COMPLIANCE OFFICERS DESCEND ON NYC. CORONA COMPLIANCE OFFICERS ARE SCARING BUSINESSES INTO CHECKING VACCINE STATUS
2021-09-17 00:45:00,FOXNEWSW,43,FOXNEWSW_20210917_000000_Tucker_Carlson_Tonight/start/2700,L CANDIDATE FOR SEATTLE CITY ATTORNEY PROMISES TO ABOLISH POLICE PRISONS IF ELECTED. CONTROVERSIAL CANDIDATE WINS SEATTLE PRIMARY
2021-09-17 00:46:00,FOXNEWSW,35,FOXNEWSW_20210917_000000_Tucker_Carlson_Tonight/start/2760,POLICE PRISON ABOLITIONIST WON THE PRIMARY FOR SEATTLE CITY ATTORNEY
2021-09-17 00:47:00,FOXNEWSW,6,FOXNEWSW_20210917_000000_Tucker_Carlson_Tonight/start/2820,THIS MAN IS A DANGER TO THE COUNTRY
2021-09-17 00:49:00,FOXNEWSW,22,FOXNEWSW_20210917_000000_Tucker_Carlson_Tonight/start/2940,JESSE KELLY MARINE CORPS COMBAT VETERAN
2021-09-17 00:50:00,FOXNEWSW,7,FOXNEWSW_20210917_000000_Tucker_Carlson_Tonight/start/3000,MILLEY SHOULD RESIGN IN DISGRACE
2021-09-17 05:01:00,FOXNEWSW,25,FOXNEWSW_20210917_050000_Tucker_Carlson_Tonight/start/60,TEXAS HORROR SHOW BORDER PATROL OVERWHELMED
2021-09-17 05:06:00,FOXNEWSW,3,FOXNEWSW_20210917_050000_Tucker_Carlson_Tonight/start/360,OPEN BORDERS HAVE CAUSED A DEADLY CISIS
2021-09-17 05:07:00,FOXNEWSW,25,FOXNEWSW_20210917_050000_Tucker_Carlson_Tonight/start/420,DEMS CLAIM THEY HAVE A SOLUTION
2021-09-17 05:16:00,FOXNEWSW,11,FOXNEWSW_20210917_050000_Tucker_Carlson_Tonight/start/960,BIDEN HAS BROKEN OUR SOUTHERN BORDER HIS SOLUTION IS TO GRANT MASS AMNESTY
2021-09-17 05:19:00,FOXNEWSW,21,FOXNEWSW_20210917_050000_Tucker_Carlson_Tonight/start/1140,"BIDEN HAS BROKEN OUR SOUTHERN BORDER, HIS SOLUTION IS TO GRANT MASS AMNESTY."
2021-09-17 05:25:00,FOXNEWSW,6,FOXNEWSW_20210917_050000_Tucker_Carlson_Tonight/start/1500,SOUNDING THE ALARM ON CENSORSHIP
2021-09-17 05:29:00,FOXNEWSW,19,FOXNEWSW_20210917_050000_Tucker_Carlson_Tonight/start/1740,CORONA COMPLIANCE OFFICERS DESCEND ON NYC
2021-09-17 05:45:00,FOXNEWSW,43,FOXNEWSW_20210917_050000_Tucker_Carlson_Tonight/start/2700,L CANDIDATE FOR SEATTLE CITY ATTORNEY PROMISES TO ABOLISH POLICE PRISONS IF ELECTED
2021-09-17 05:46:00,FOXNEWSW,35,FOXNEWSW_20210917_050000_Tucker_Carlson_Tonight/start/2760,POLICE PRISON ABOLITIONIST WON THE PRIMARY FOR SEATTLE CITY ATTORNEY
2021-09-17 05:48:00,FOXNEWSW,21,FOXNEWSW_20210917_050000_Tucker_Carlson_Tonight/start/2880,JESSE KELLY MARINE CORPS COMBAT VETERAN
2021-09-17 05:49:00,FOXNEWSW,24,FOXNEWSW_20210917_050000_Tucker_Carlson_Tonight/start/2940,JESSE KELLY MARINE CORPS COMBAT VETERAN
2021-09-18 00:02:00,FOXNEWSW,9,FOXNEWSW_20210918_000000_Tucker_Carlson_Tonight/start/120,MILLEY THOUGHT THE DRONE STRIKE WAS RIGHTEOUS
2021-09-18 00:10:00,FOXNEWSW,16,FOXNEWSW_20210918_000000_Tucker_Carlson_Tonight/start/600,JOE KENT R WA CONGRESSIONAL CANDIDATE
2021-09-18 00:13:00,FOXNEWSW,23,FOXNEWSW_20210918_000000_Tucker_Carlson_Tonight/start/780,DOUGLAS MURRAY THE MADNESS OF CROWDS AUTHOR BIDENS BOTCHED STRIKE KILLED AN AID
2021-09-18 00:13:00,FOXNEWSW,23,FOXNEWSW_20210918_000000_Tucker_Carlson_Tonight/start/780,DOUGLAS MURRAY THE MADNESS OF CROWDS AUTHOR PENTAGON ADMITS KABUL DRONE STRIKE
2021-09-18 00:14:00,FOXNEWSW,17,FOXNEWSW_20210918_000000_Tucker_Carlson_Tonight/start/840,RIGHTEOUS STRIKE MILLEY PREVIOUSLY PRAISED STRIKE THAT KILLED 7 KIDS
2021-09-18 00:16:00,FOXNEWSW,9,FOXNEWSW_20210918_000000_Tucker_Carlson_Tonight/start/960,DOUGLAS MURRAY THE MADNESS OF CROWDS AUTHOR PENTAGON ADMITS KABUL DRONE STRIKE
2021-09-18 00:29:00,FOXNEWSW,20,FOXNEWSW_20210918_000000_Tucker_Carlson_Tonight/start/1740,BIDEN ADMIN DOESNT WANT YOU TO SEE WHAT IS HAPPENING AT THE BORDER. FAAFAILS TO STOP FOX FROM NEWSGATHERING AT BORDER
2021-09-18 00:41:00,FOXNEWSW,11,FOXNEWSW_20210918_000000_Tucker_Carlson_Tonight/start/2460,MSNBC ANCHOR JOY REID IS A HIGH PRIESTESS IN A SATANIC CULT
2021-09-18 05:03:00,FOXNEWSW,15,FOXNEWSW_20210918_050000_Tucker_Carlson_Tonight/start/180,MILLEY THOUGHT THE DRONE STRIKE WAS RIGHTEQUS
2021-09-18 05:10:00,FOXNEWSW,23,FOXNEWSW_20210918_050000_Tucker_Carlson_Tonight/start/600,JOE KENT R WA CONGRESSIONAL
2021-09-18 05:12:00,FOXNEWSW,13,FOXNEWSW_20210918_050000_Tucker_Carlson_Tonight/start/720,JOE KENT RETIRED ARMY SPECIAL FORCES AA LU ANID 1
2021-09-18 05:13:00,FOXNEWSW,34,FOXNEWSW_20210918_050000_Tucker_Carlson_Tonight/start/780,DOUGLAS MURRAY THE MADNESS OF CROWDS AUTHOR BIDENS BOTCHED STRIKE KILLED AN AID
2021-09-18 05:16:00,FOXNEWSW,12,FOXNEWSW_20210918_050000_Tucker_Carlson_Tonight/start/960,DOUGLAS MURRAY THE MADNESS OF CROWDS AUTHOR PENTAGON ADMITS KABUL DRONE STRIKE
2021-09-18 05:29:00,FOXNEWSW,21,FOXNEWSW_20210918_050000_Tucker_Carlson_Tonight/start/1740,BIDEN ADMIN DOESNT WANT YOU TO SEE WHAT IS HAPPENING AT THE BORDER
2021-09-18 05:39:00,FOXNEWSW,10,FOXNEWSW_20210918_050000_Tucker_Carlson_Tonight/start/2340,JASON WHITLOCK FEARLESS HOS THE ALPHABET MAFIA HATE FREE THINKING
2021-09-18 05:41:00,FOXNEWSW,11,FOXNEWSW_20210918_050000_Tucker_Carlson_Tonight/start/2460,THE ALPHABET MAFIA HATE FREE THINKING PEOPLE WHO ARENT AFRAID TO SPEAK UP
2021-09-22 00:02:00,FOXNEWSW,28,FOXNEWSW_20210922_000000_Tucker_Carlson_Tonight/start/120,THOUSANDS OF HAITIAN MIGRANTS REMAIN IN TEXAS
2021-09-22 00:08:00,FOXNEWSW,12,FOXNEWSW_20210922_000000_Tucker_Carlson_Tonight/start/480,THINGS ARE REALLY GETTING OUT OF CONTROL
2021-09-22 00:15:00,FOXNEWSW,31,FOXNEWSW_20210922_000000_Tucker_Carlson_Tonight/start/900,STEPHEN MILLER AMERICA FIRST LEGAL DHS IS MONITORING MORE THAN 200OO
2021-09-22 00:25:00,FOXNEWSW,13,FOXNEWSW_20210922_000000_Tucker_Carlson_Tonight/start/1500,BRIT HUME SENIOR POLITICAL ANALYST BIDEN
2021-09-22 00:33:00,FOXNEWSW,12,FOXNEWSW_20210922_000000_Tucker_Carlson_Tonight/start/1980,BLM INSERTS ITSELF INTO CARMINES DRAMA
2021-09-22 00:35:00,FOXNEWSW,20,FOXNEWSW_20210922_000000_Tucker_Carlson_Tonight/start/2100,BRAZILS PRESIDENT FORCED TO EAT PIZZA OUTSIDE. I EDUARDO BOLSONARO BRAZILIAN POLITICIAN DE BLASIO TO BRAZILS BOLSONARO DONT
2021-09-22 00:36:00,FOXNEWSW,16,FOXNEWSW_20210922_000000_Tucker_Carlson_Tonight/start/2160,EDUARDO BOLSONARO SON OF BRAZILAN PRESIDENT DE BLASIO TO BRAZILS BOLSONARO DONT. FOISONARO RECOVERED FROM COVID LAST YEAR
2021-09-22 00:36:00,FOXNEWSW,16,FOXNEWSW_20210922_000000_Tucker_Carlson_Tonight/start/2160,EDUARDO BOLSONARO SON OF BRAZILIAN PRESIDENT DE BLASIO TO BRAZILS BOLSONARO DONT
2021-09-22 00:37:00,FOXNEWSW,15,FOXNEWSW_20210922_000000_Tucker_Carlson_Tonight/start/2220,EDUARDO BOLSONARO BRAZILIAN POLITICIAN. BOLSONAROS SON RESPONDS TO DE BLASIO
2021-09-22 00:49:00,FOXNEWSW,20,FOXNEWSW_20210922_000000_Tucker_Carlson_Tonight/start/2940,MICHAEL TRACEY READ HIS WORK ON SUBSTACK VACCINATION WAS NEVER THE GATEWAY
2021-09-22 01:00:00,FOXNEWSW,14,FOXNEWSW_20210922_000000_Tucker_Carlson_Tonight/start/3600,AMERICANS STILL TRAPPED IN AFGHANISTAN
2021-09-22 05:10:00,FOXNEWSW,8,FOXNEWSW_20210922_050000_Tucker_Carlson_Tonight/start/600,"OMAR: MIGRANT MISTREATMENT ATROCIOUS, DISTURBING"
2021-09-22 05:15:00,FOXNEWSW,31,FOXNEWSW_20210922_050000_Tucker_Carlson_Tonight/start/900,STEPHEN MILLER AMERICA FIRST LEGAL BIDEN ADMIN IS LETTING HAITIAN FAMILY
2021-09-22 05:15:00,FOXNEWSW,31,FOXNEWSW_20210922_050000_Tucker_Carlson_Tonight/start/900,STEPHEN MILLER AMERICA FIRST LEGAL DHS IS MONITORING MORE THAN 200OO
2021-09-22 05:25:00,FOXNEWSW,10,FOXNEWSW_20210922_050000_Tucker_Carlson_Tonight/start/1500,BRIT HUME SENIOR POLITICAL ANALYST BIDEN SAYS US WILL QUADRUPLE
2021-09-22 05:26:00,FOXNEWSW,20,FOXNEWSW_20210922_050000_Tucker_Carlson_Tonight/start/1560,BRIT HUME SENIOR POLITICAL ANALYST
2021-09-22 05:33:00,FOXNEWSW,9,FOXNEWSW_20210922_050000_Tucker_Carlson_Tonight/start/1980,BLM INSERTS ITSELF INTO CARMINES DRAMA
2021-09-22 05:35:00,FOXNEWSW,20,FOXNEWSW_20210922_050000_Tucker_Carlson_Tonight/start/2100,BRAZILS PRESIDENT FORCED TO EAT PIZZA OUTSIDE. DE BLASIO TO BRAZILS BOLSONARO DONT BOTHER COMING TO THE UN GENERAL ASSEMBLY
2021-09-22 05:36:00,FOXNEWSW,25,FOXNEWSW_20210922_050000_Tucker_Carlson_Tonight/start/2160,EDUARDO BOLSONARO SON OF BRAZILAN PRESIDENT DE BLASIO TO BRAZILS BOLSONARO DONT. FOLSONARO RECOVERED FROM COVID LAST YEAR
2021-09-22 05:37:00,FOXNEWSW,14,FOXNEWSW_20210922_050000_Tucker_Carlson_Tonight/start/2220,EDUARDO BOLSONARO BRAZILIAN POLITICIAN
2021-09-22 05:48:00,FOXNEWSW,10,FOXNEWSW_20210922_050000_Tucker_Carlson_Tonight/start/2880,MICHAEL TRACEY READ HIS WORK ON SUBSTACK
2021-09-22 05:49:00,FOXNEWSW,21,FOXNEWSW_20210922_050000_Tucker_Carlson_Tonight/start/2940,MICHAEL TRACEY READ HIS WORK ON SUBSTACK COLLEGES WITH NEARLY 100 PERCENT VACCINATED
2021-09-22 06:00:00,FOXNEWSW,20,FOXNEWSW_20210922_050000_Tucker_Carlson_Tonight/start/3600,AMERICANS STILL TRAPPED IN AFGHANISTAN
2021-09-23 00:01:00,FOXNEWSW,19,FOXNEWSW_20210923_000000_Tucker_Carlson_Tonight/start/60,THOUSANDS OF ILLEGAL HAITIANS CROSSING THE BORDER HAVE LITTERED THE RIO GRANDE WITH PLASTIC TRASH
2021-09-23 00:07:00,FOXNEWSW,22,FOXNEWSW_20210923_000000_Tucker_Carlson_Tonight/start/420,HAITIANS CAME FOR ALL THE GOODIES BIDEN PROISED
2021-09-24 00:14:00,FOXNEWSW,6,FOXNEWSW_20210924_000000_Tucker_Carlson_Tonight/start/840,FIRING ARTILLERY SHELLS AND ROCKETS WHILE AZERBAIJAN: RELIABLE SOURCES
2021-09-24 00:16:00,FOXNEWSW,25,FOXNEWSW_20210924_000000_Tucker_Carlson_Tonight/start/960,LEFT HAS CLAIMED JAN 6 WAS AS BAD AS PEARL HARBOR
2021-09-24 00:21:00,FOXNEWSW,19,FOXNEWSW_20210924_000000_Tucker_Carlson_Tonight/start/1260,RS 7 BN RUSSIAN DISINFORMATION
2021-09-24 00:21:00,FOXNEWSW,19,FOXNEWSW_20210924_000000_Tucker_Carlson_Tonight/start/1260,RUSSIAN DISINFORMATION BIDEN AND MEDIA ALLIES LIED ABOUT HUNTER EMAILS. PEENN GREENWALD JOURNALIST GREENWALD CIA BIG TECH AND CORPORATE MEDIA
2021-09-24 00:30:00,FOXNEWSW,23,FOXNEWSW_20210924_000000_Tucker_Carlson_Tonight/start/1800,DON MCLAUGHLIN MAYOR OF UVALDE TEXAS. L BIDEN OPENS THE DOOR TO THOUSANDS OF HAITIANS
2021-09-24 00:56:00,FOXNEWSW,19,FOXNEWSW_20210924_000000_Tucker_Carlson_Tonight/start/3360,NEW UPDATE IN THE CALIFORNIA SPA INCIDENT
2021-09-24 00:58:00,FOXNEWSW,29,FOXNEWSW_20210924_000000_Tucker_Carlson_Tonight/start/3480,ANDY NGO JOURNALIST PERSON CHARGED WITH INDECENT
2021-09-24 00:59:00,FOXNEWSW,27,FOXNEWSW_20210924_000000_Tucker_Carlson_Tonight/start/3540,L ANDY NGO JOURNALIST SECOND ARREST WARRANT WAS ISSUED FOR SPA. PERSON IN FEMALE SECTION IS A REPEAT OFFENDER
2021-09-24 05:15:00,FOXNEWSW,14,FOXNEWSW_20210924_050000_Tucker_Carlson_Tonight/start/900,INSURRECTION DAY MULTIPLE VIDEOS FROM INSIDE THE CAPITOL MADE PUBLIC
2021-09-24 05:21:00,FOXNEWSW,19,FOXNEWSW_20210924_050000_Tucker_Carlson_Tonight/start/1260,RUSSIAN DISINFORMATION BIDEN AND MEDIA ALLIES LIED ABOUT HUNTER EMAILS
2021-09-24 05:28:00,FOXNEWSW,16,FOXNEWSW_20210924_050000_Tucker_Carlson_Tonight/start/1680,THE WHITE HOUSE HAS LOST CONTROL OF THE BORDER
2021-09-24 05:30:00,FOXNEWSW,23,FOXNEWSW_20210924_050000_Tucker_Carlson_Tonight/start/1800,DON MCLAUGHLIN MAYOR OF UVALDE TEXAS
2021-09-24 05:30:00,FOXNEWSW,23,FOXNEWSW_20210924_050000_Tucker_Carlson_Tonight/start/1800,DON MCLAUGHLIN MAYOR OF UVALDE TEXAS HAITIAN DEPORTEES BIT ICE AGENTS
2021-09-24 05:41:00,FOXNEWSW,10,FOXNEWSW_20210924_050000_Tucker_Carlson_Tonight/start/2460,COLBERT NEEDS TO BE GOVT ACTION TO MAKE EVERYONE MAKE THE RIGHT CHOICES NOT THE EASY ONES
2021-09-24 05:56:00,FOXNEWSW,21,FOXNEWSW_20210924_050000_Tucker_Carlson_Tonight/start/3360,NEW UPDATE IN THE CALIFORNIA SPA INCIDENT
2021-09-24 05:58:00,FOXNEWSW,29,FOXNEWSW_20210924_050000_Tucker_Carlson_Tonight/start/3480,ANDY NGO JOURNALIST PERSON CHARGED WITH INDECENT
2021-09-24 05:59:00,FOXNEWSW,17,FOXNEWSW_20210924_050000_Tucker_Carlson_Tonight/start/3540,ANDY NGO JOURNALIST SECOND ARREST WARRANT WAS ISSUED FOR SPA
2021-09-24 05:59:00,FOXNEWSW,17,FOXNEWSW_20210924_050000_Tucker_Carlson_Tonight/start/3540,I ANDY NGO JOURNALIST SECOND ARREST WARRANT WAS ISSUED FOR SPA. PERSON IN FEMALE SECTION IS A REPEAT OFFENDER
2021-09-25 00:13:00,FOXNEWSW,27,FOXNEWSW_20210925_000000_Tucker_Carlson_Tonight/start/780,BIDEN BLAMES THE UNVACCINATED
2021-09-25 00:14:00,FOXNEWSW,16,FOXNEWSW_20210925_000000_Tucker_Carlson_Tonight/start/840,BIDEN BLAMES THE UNVACCINATED THEY ARE CAUSING A LOT OF DAMAGE
2021-09-25 00:24:00,FOXNEWSW,20,FOXNEWSW_20210925_000000_Tucker_Carlson_Tonight/start/1440,KAMALA AGENTS ON HORSEBACK EVOKED SLAVERY
2021-09-25 00:26:00,FOXNEWSW,25,FOXNEWSW_20210925_000000_Tucker_Carlson_Tonight/start/1560,PHOTOGRAPHER SAYS HE AND HIS COLLEAGUES NEVER SAW BORDER AGENTS WHIPPING ANYONE
2021-09-25 00:42:00,FOXNEWSW,7,FOXNEWSW_20210925_000000_Tucker_Carlson_Tonight/start/2520,TONY BUZBEE ATTORNEY FOR STU SCHELLER MARINE NOW IN MILITARY LOCKUP DID ANYONE RAISE
2021-09-25 00:58:00,FOXNEWSW,37,FOXNEWSW_20210925_000000_Tucker_Carlson_Tonight/start/3480,MODERNDAY SEGREGATION CAMPUSES ACROSS THE COUNTRY SEPARATE STUDENTS BASED ON RACE
2021-09-25 05:13:00,FOXNEWSW,35,FOXNEWSW_20210925_050000_Tucker_Carlson_Tonight/start/780,BIDEN BLAMES THE UNVACCINATED
2021-09-25 05:15:00,FOXNEWSW,21,FOXNEWSW_20210925_050000_Tucker_Carlson_Tonight/start/900,CLAY TRAVIS OUTKICK FOUNDER
2021-09-25 05:26:00,FOXNEWSW,37,FOXNEWSW_20210925_050000_Tucker_Carlson_Tonight/start/1560,PHOTOGRAPHER SAYS HE AND HIS COLLEAGUES NEVER SAW BORDER AGENTS WHIPPING ANYONE
2021-09-25 05:56:00,FOXNEWSW,41,FOXNEWSW_20210925_050000_Tucker_Carlson_Tonight/start/3360,WHITE MALE ASU STUDENTS HARASSED FOR THEIR SKIN COLOR
2021-09-25 05:58:00,FOXNEWSW,29,FOXNEWSW_20210925_050000_Tucker_Carlson_Tonight/start/3480,MODERNDAY SEGREGATION CAMPUSES ACROSS THE COUNTRY SEPARATE STUDENTS BASED ON RACE
2021-09-28 00:10:00,FOXNEWSW,28,FOXNEWSW_20210928_000000_Tucker_Carlson_Tonight/start/600,NEW RELIGION AMONG AMERICANS THE CHURCH OF COVID
2021-09-28 00:12:00,FOXNEWSW,20,FOXNEWSW_20210928_000000_Tucker_Carlson_Tonight/start/720,IN THIS NEW RELIGION YOU MUST SWEAR YOUR FEALTY TO THE GOVERNMENT ITS LEADERS
2021-09-28 00:13:00,FOXNEWSW,15,FOXNEWSW_20210928_000000_Tucker_Carlson_Tonight/start/780,NY GOV SPORTS VAXXED NECKLACE
2021-09-28 00:17:00,FOXNEWSW,9,FOXNEWSW_20210928_000000_Tucker_Carlson_Tonight/start/1020,LOUIS GELORMINO ATTORNEY
2021-09-28 00:26:00,FOXNEWSW,45,FOXNEWSW_20210928_000000_Tucker_Carlson_Tonight/start/1560,CHIP ROY R TEXAS CONGRESSMAN 134 REPUBLICANS VOTED IN FAVOR OF DEFENSE
2021-09-28 00:27:00,FOXNEWSW,9,FOXNEWSW_20210928_000000_Tucker_Carlson_Tonight/start/1620,CHIP ROY R TEXAS CONGRESSMAN REP CHIP ROY WILL VOTE AGAINST ANY BILL THAT
2021-09-28 00:48:00,FOXNEWSW,12,FOXNEWSW_20210928_000000_Tucker_Carlson_Tonight/start/2880,J MICHAEL HANNON ATTORNEY FOR OFFICER CHARGED
2021-09-28 00:48:00,FOXNEWSW,12,FOXNEWSW_20210928_000000_Tucker_Carlson_Tonight/start/2880,J MICHAEL HANNON T ATTORNEY FOR OFFICER CHARGED DC POLICE OFFICER CHARGED WITH MURDER
2021-09-28 00:49:00,FOXNEWSW,24,FOXNEWSW_20210928_000000_Tucker_Carlson_Tonight/start/2940,L J MICHAEL HANNON ATTORNEY FOR OFFICER CHARGED OFFICER CHASES CRIMINAL WHO GOT HIT BY
2021-09-28 00:50:00,FOXNEWSW,7,FOXNEWSW_20210928_000000_Tucker_Carlson_Tonight/start/3000,I J MICHAEL HANNON T ATTORNEY FOR OFFICER CHARGED OFFICER CHASES CRIMINAL WHO GOT HIT BY CAR AND
2021-09-28 01:00:00,FOXNEWSW,21,FOXNEWSW_20210928_000000_Tucker_Carlson_Tonight/start/3600,REPORT TALIBAN HANGS BODIES IN THE PUBLIC SQUARE
2021-09-28 05:08:00,FOXNEWSW,4,FOXNEWSW_20210928_050000_Tucker_Carlson_Tonight/start/480,HURRY GET YOUR FAUCI GEAR NOW
2021-09-28 05:10:00,FOXNEWSW,15,FOXNEWSW_20210928_050000_Tucker_Carlson_Tonight/start/600,NEW RELIGION AMONG AMERICANS THE CHURCH OF COVID
2021-09-28 05:12:00,FOXNEWSW,17,FOXNEWSW_20210928_050000_Tucker_Carlson_Tonight/start/720,IN THIS NEW RELIGION YOU MUST SWEAR YOUR FEALTY TO THE GOVERNMENT ITS LEADERS
2021-09-28 05:13:00,FOXNEWSW,15,FOXNEWSW_20210928_050000_Tucker_Carlson_Tonight/start/780,L NY GOV SPORTS VAXXED NECKLACE
2021-09-28 05:26:00,FOXNEWSW,37,FOXNEWSW_20210928_050000_Tucker_Carlson_Tonight/start/1560,CHIP ROY R TEXAS CONGRESSMAN 134 REPUBLICANS VOTED IN FAVOR OF DEFENSE
2021-09-28 05:27:00,FOXNEWSW,12,FOXNEWSW_20210928_050000_Tucker_Carlson_Tonight/start/1620,CHIP ROY R TEXAS CONGRESSMAN HOUSE PASSES BILL REQUIRING
2021-09-28 05:48:00,FOXNEWSW,13,FOXNEWSW_20210928_050000_Tucker_Carlson_Tonight/start/2880,J MICHAEL HANNON ATTORNEY FOR OFFICER CHARGED
2021-09-28 05:49:00,FOXNEWSW,24,FOXNEWSW_20210928_050000_Tucker_Carlson_Tonight/start/2940,J MICHAEL HANNON ATTORNEY FOR OFFICER CHARGED
2021-09-28 05:50:00,FOXNEWSW,6,FOXNEWSW_20210928_050000_Tucker_Carlson_Tonight/start/3000,J MICHAEL HANNON ATTORNEY FOR OFFICER CHARGED OFFICER CHASES CRIMINAL WHO GOT HIT BY CAR AND
2021-09-28 06:00:00,FOXNEWSW,9,FOXNEWSW_20210928_050000_Tucker_Carlson_Tonight/start/3600,REPORT TALIBAN HANGS BODIES IN THE PUBLIC SQUARE
2021-09-29 00:01:00,FOXNEWSW,38,FOXNEWSW_20210929_000000_Tucker_Carlson_Tonight/start/60,MILLEY 1S DISHONEST INCOMPETENT DISHONORABLE
2021-09-29 00:02:00,FOXNEWSW,37,FOXNEWSW_20210929_000000_Tucker_Carlson_Tonight/start/120,TODAYS HEARING WAS PURE BLAME SHIFTING
2021-09-29 00:04:00,FOXNEWSW,30,FOXNEWSW_20210929_000000_Tucker_Carlson_Tonight/start/240,NOT GOING TO PROVIDE WHAT THEY RECOMMENDED
2021-09-29 00:05:00,FOXNEWSW,30,FOXNEWSW_20210929_000000_Tucker_Carlson_Tonight/start/300,NOT GOING TO PROVIDE WHAT THEY RECOMMENDED
2021-09-29 00:06:00,FOXNEWSW,11,FOXNEWSW_20210929_000000_Tucker_Carlson_Tonight/start/360,GENERALS PUBLICLY CONTRADICTED THEIR BOSS
2021-09-29 00:07:00,FOXNEWSW,50,FOXNEWSW_20210929_000000_Tucker_Carlson_Tonight/start/420,NO ONE IN THE PENTAGON WILL FACE CONSEQUENCES
2021-09-29 00:08:00,FOXNEWSW,57,FOXNEWSW_20210929_000000_Tucker_Carlson_Tonight/start/480,PENTAGON JUST GOT A MAJOR RAISE FROM CONGRESS
2021-09-29 00:09:00,FOXNEWSW,21,FOXNEWSW_20210929_000000_Tucker_Carlson_Tonight/start/540,ONE PERSON HAS BEEN PUNISHED AFTER THE AFGHAN MESS
2021-09-29 00:11:00,FOXNEWSW,35,FOXNEWSW_20210929_000000_Tucker_Carlson_Tonight/start/660,MARINE JAILED FOR ASKING FOR ACCOUNTABILITY
2021-09-29 00:13:00,FOXNEWSW,15,FOXNEWSW_20210929_000000_Tucker_Carlson_Tonight/start/780,TONY BUZBEE ATTORNEY FOR STU SCHELLER MARINE WHO BLASTED
2021-09-29 00:14:00,FOXNEWSW,18,FOXNEWSW_20210929_000000_Tucker_Carlson_Tonight/start/840,TONY BUZBEE FORMER MARINE OFFICER OUTSPOKEN MARINE FORCED TO UNDERGO
2021-09-29 00:15:00,FOXNEWSW,27,FOXNEWSW_20210929_000000_Tucker_Carlson_Tonight/start/900,LAWYER OUTSPOKEN MARINE IS THE ONLY PERSON TO BE HELD ACCOUNTABLE FOR AFGHANISTAN DISASTER
2021-09-30 00:14:00,FOXNEWSW,15,FOXNEWSW_20210930_000000_Tucker_Carlson_Tonight/start/840,NURSES LAID OFF AS VACCINE MANDATES TAKE EFFECT
2021-09-30 00:19:00,FOXNEWSW,19,FOXNEWSW_20210930_000000_Tucker_Carlson_Tonight/start/1140,GLENN GREENWALD JOURNALIST A TALE OF TWO COUNTRIES
2021-09-30 00:27:00,FOXNEWSW,29,FOXNEWSW_20210930_000000_Tucker_Carlson_Tonight/start/1620,STU SCHELLER’S PARENTS SPEAK OUT ABOUT THEIR SONS DETAINMENT
2021-09-30 00:31:00,FOXNEWSW,8,FOXNEWSW_20210930_000000_Tucker_Carlson_Tonight/start/1860,STU SCHELLER SR (JAILED MARINE’S FATHER): THE PENTAGON IS DESTROYING AMERICA
2021-09-30 00:57:00,FOXNEWSW,14,FOXNEWSW_20210930_000000_Tucker_Carlson_Tonight/start/3420,DON HUFFINES R CANDIDATE FOR TEXAS GOVERNOR
2021-09-30 00:59:00,FOXNEWSW,26,FOXNEWSW_20210930_000000_Tucker_Carlson_Tonight/start/3540,L GOV ABBOTT MUST SEAL THE BORDER IF BIDEN WONT
2021-10-01 00:07:00,FOXNEWSW,17,FOXNEWSW_20211001_000000_Tucker_Carlson_Tonight/start/420,MASK MANDATE REINTRODUCED AFTER 2 NEW CSES
2021-10-01 00:12:00,FOXNEWSW,25,FOXNEWSW_20211001_000000_Tucker_Carlson_Tonight/start/720,LOCKDOWN INSANITY AUSTRALIAS SHOCKING TACTICS
2021-10-01 00:24:00,FOXNEWSW,11,FOXNEWSW_20211001_000000_Tucker_Carlson_Tonight/start/1440,85000 MORE IGRANTS ARE REPORTEDLY ON THE WAY
2021-10-01 00:25:00,FOXNEWSW,29,FOXNEWSW_20211001_000000_Tucker_Carlson_Tonight/start/1500,THE NEVERENDING HAITIAN CARAVAN
2021-10-01 00:25:00,FOXNEWSW,29,FOXNEWSW_20211001_000000_Tucker_Carlson_Tonight/start/1500,TODD BENSMAN CENTER FOR IMMIGRATION STUDIES
2021-10-01 00:34:00,FOXNEWSW,8,FOXNEWSW_20211001_000000_Tucker_Carlson_Tonight/start/2040,PRESIDENT BIDEN SIGNS BILL TO AVOID 7 PARTIAL GOVERNMENT SHUTDOWN
2021-10-01 00:39:00,FOXNEWSW,14,FOXNEWSW_20211001_000000_Tucker_Carlson_Tonight/start/2340,JOHN KENNEDY R LOUISIANA SENATOR TREASURY SECRETARY JANET YELLEN WANTS
2021-10-01 00:49:00,FOXNEWSW,24,FOXNEWSW_20211001_000000_Tucker_Carlson_Tonight/start/2940,ARIADNA JACOB ENTREPRENEUR TALENT AGENT LOST HER CUSTOMERS AFTER
2021-10-01 00:57:00,FOXNEWSW,14,FOXNEWSW_20211001_000000_Tucker_Carlson_Tonight/start/3420,NY TEACHER QUITS OVER VACCINE MANDATES
2021-10-01 00:58:00,FOXNEWSW,17,FOXNEWSW_20211001_000000_Tucker_Carlson_Tonight/start/3480,RACHEL MANISCALCO FORMER NYC TEACHER
2021-10-01 00:58:00,FOXNEWSW,17,FOXNEWSW_20211001_000000_Tucker_Carlson_Tonight/start/3480,RACHEL MANISCALCO FORMER NYC TEACHER NY TEACHER PUBLIC NEEDS TO HAVE ANY
2021-10-01 01:00:00,FOXNEWSW,7,FOXNEWSW_20211001_000000_Tucker_Carlson_Tonight/start/3600,AMERICANS ARE STILL TRAPPED IN AFGHANISTAN AND JOE BIDEN COULD NOT CARE LESS
2021-10-01 05:07:00,FOXNEWSW,13,FOXNEWSW_20211001_050000_Tucker_Carlson_Tonight/start/420,MASK NDTE REINTRODUCED AFTER 2 NEW CSES
2021-10-01 05:12:00,FOXNEWSW,22,FOXNEWSW_20211001_050000_Tucker_Carlson_Tonight/start/720,LOCKDOWN INSANITY: AUSTRALIA’S SHOCKING TACTICS
2021-10-01 05:13:00,FOXNEWSW,46,FOXNEWSW_20211001_050000_Tucker_Carlson_Tonight/start/780,GIDEON ROZNER INSTITUTE OF PUBLIC AFFAIRS
2021-10-01 05:15:00,FOXNEWSW,14,FOXNEWSW_20211001_050000_Tucker_Carlson_Tonight/start/900,GIDEON ROZNER INSTITUTE OF PUBLIC AFFAIRS
2021-10-01 05:26:00,FOXNEWSW,12,FOXNEWSW_20211001_050000_Tucker_Carlson_Tonight/start/1560,TODD BENSMAN CENTER FOR IMMIGRATION STUDIES
2021-10-01 05:33:00,FOXNEWSW,14,FOXNEWSW_20211001_050000_Tucker_Carlson_Tonight/start/1980,VOTE ON 1 TRIL INFRASTRUCTURE BILL DELAYED
2021-10-01 05:34:00,FOXNEWSW,31,FOXNEWSW_20211001_050000_Tucker_Carlson_Tonight/start/2040,GABBY PETITO DETAILS FIGHT WITH BRIAN LAUNDRIE IN NEWLY RELEASED BODYCAM VIDEO
2021-10-01 05:39:00,FOXNEWSW,35,FOXNEWSW_20211001_050000_Tucker_Carlson_Tonight/start/2340,JOHN KENNEDY R LOUISIANA SENATOR TREASURY SECRETARY JANET YELLEN WANTS
2021-10-01 05:49:00,FOXNEWSW,27,FOXNEWSW_20211001_050000_Tucker_Carlson_Tonight/start/2940,ARIADNA JACOB ENTREPRENEUR TALENT AGENT LOST HER CUSTOMERS AFTER
2021-10-01 05:49:00,FOXNEWSW,27,FOXNEWSW_20211001_050000_Tucker_Carlson_Tonight/start/2940,ARIADNA JACOB ENTREPRENEUR TOXIC NYT REPORTER TAYLOR LORENZ HAS A PATTERN
2021-10-01 05:57:00,FOXNEWSW,18,FOXNEWSW_20211001_050000_Tucker_Carlson_Tonight/start/3420,NY TEACHER QUITS OVER VACCINE MANDATES
2021-10-01 05:58:00,FOXNEWSW,16,FOXNEWSW_20211001_050000_Tucker_Carlson_Tonight/start/3480,RACHEL MANISCALCO FORMER NYC TEACHER
2021-10-01 05:58:00,FOXNEWSW,16,FOXNEWSW_20211001_050000_Tucker_Carlson_Tonight/start/3480,RACHEL MANISCALCO FORMER NYC TEACHER NY TEACHER PUBLIC NEEDS TO HAVE ANY
2021-10-01 05:59:00,FOXNEWSW,31,FOXNEWSW_20211001_050000_Tucker_Carlson_Tonight/start/3540,RACHEL MANISCALCO FORMER NYC TEACHER
2021-10-01 05:59:00,FOXNEWSW,31,FOXNEWSW_20211001_050000_Tucker_Carlson_Tonight/start/3540,RACHEL MANISCALCO FORMER NYC TEACHER DE BLASIO TEACHERS MUST RECEIVE FIRST SHOT
2021-10-01 06:00:00,FOXNEWSW,8,FOXNEWSW_20211001_050000_Tucker_Carlson_Tonight/start/3600,FROM HERO TO ZERO NYC DUMPS TEACHERS OVER VACCINE
2021-10-02 00:03:00,FOXNEWSW,13,FOXNEWSW_20211002_000000_Tucker_Carlson_Tonight/start/180,PEOPLE GET PREGNANT NOT JUST WOMEN
2021-10-02 00:24:00,FOXNEWSW,30,FOXNEWSW_20211002_000000_Tucker_Carlson_Tonight/start/1440,LUE ELIZONDO FORMER PENTAGON OFFICIAL. TIME FOR ANSWERS ON RECOVERED UFO MATERIALS
2021-10-02 00:25:00,FOXNEWSW,15,FOXNEWSW_20211002_000000_Tucker_Carlson_Tonight/start/1500,L NATIONAL DEFENSE AUTHORIZATION ACT REQUIRES NEW UFO OFFICE TO BE ESTABLISHED WITHIN 18O DAYS.  LUE ELIZONDO FORMER PENTAGON OFFICIAL
2021-10-02 00:25:00,FOXNEWSW,15,FOXNEWSW_20211002_000000_Tucker_Carlson_Tonight/start/1500,LUE ELIZONDO FORMER PENTAGON OFFICIAL NATIONAL DEFENSE AUTHORIZATION ACT REQUIRES
2021-10-02 00:33:00,FOXNEWSW,11,FOXNEWSW_20211002_000000_Tucker_Carlson_Tonight/start/1980,INSANE AMOUNT OF PEOPLE ABOUT TO CROSS THE BORDER
2021-10-02 00:34:00,FOXNEWSW,12,FOXNEWSW_20211002_000000_Tucker_Carlson_Tonight/start/2040,400000 ILLEGAL IMMIGRANTS COULD CROSS OUR SOUTHERN BORDER THIS MONTH
2021-10-02 00:35:00,FOXNEWSW,33,FOXNEWSW_20211002_000000_Tucker_Carlson_Tonight/start/2100,MARTY MAKARY JOHNS HOPKINS UNIVERSITY PROFESSOR
2021-10-02 00:37:00,FOXNEWSW,8,FOXNEWSW_20211002_000000_Tucker_Carlson_Tonight/start/2220,MERCK SAYS CORONA PILL CUTS RISK OF DEATH IN HALF
2021-10-02 00:45:00,FOXNEWSW,7,FOXNEWSW_20211002_000000_Tucker_Carlson_Tonight/start/2700,ITS CLEAR BIG TECH IS TRYING TO SILENCE PORTOY
2021-10-02 00:49:00,FOXNEWSW,17,FOXNEWSW_20211002_000000_Tucker_Carlson_Tonight/start/2940,DAVE PORTNOY BARSTOOL SPORTS
2021-10-02 05:02:00,FOXNEWSW,9,FOXNEWSW_20211002_050000_Tucker_Carlson_Tonight/start/120,HYSTERIA CAN BECME VERY CONTAGIOUS
2021-10-02 05:03:00,FOXNEWSW,14,FOXNEWSW_20211002_050000_Tucker_Carlson_Tonight/start/180,PEOPLE GET PREGNANT NOT JUST WOMEN
2021-10-02 05:05:00,FOXNEWSW,18,FOXNEWSW_20211002_050000_Tucker_Carlson_Tonight/start/300,EVEN SOME DOCTORS CANT POINT OUT DIFFERECES
2021-10-02 05:06:00,FOXNEWSW,35,FOXNEWSW_20211002_050000_Tucker_Carlson_Tonight/start/360,THESE DIFFERENCES ARE ACTUALLY MEDICALLY RELEVANT
2021-10-02 05:07:00,FOXNEWSW,6,FOXNEWSW_20211002_050000_Tucker_Carlson_Tonight/start/420,MEDICAL COMMUNITY IS NOW TOTALLY ON BARD
2021-10-02 05:23:00,FOXNEWSW,26,FOXNEWSW_20211002_050000_Tucker_Carlson_Tonight/start/1380,LUE ELIZONDO FORMER PENTAGON OFFICIAL
2021-10-02 05:24:00,FOXNEWSW,28,FOXNEWSW_20211002_050000_Tucker_Carlson_Tonight/start/1440,LUE ELIZONDO FORMER PENTAGON OFFICIAL
2021-10-02 05:25:00,FOXNEWSW,11,FOXNEWSW_20211002_050000_Tucker_Carlson_Tonight/start/1500,LUE ELIZONDO FORMER PENTAGON OFFICIAL
2021-10-02 05:26:00,FOXNEWSW,12,FOXNEWSW_20211002_050000_Tucker_Carlson_Tonight/start/1560,LUE ELIZONDO FORMER PENTAGON OFFICIAL
2021-10-02 05:35:00,FOXNEWSW,36,FOXNEWSW_20211002_050000_Tucker_Carlson_Tonight/start/2100,MARTY MAKARY JOHNS HOPKINS UNIVERSITY PROFESSOR
2021-10-02 05:36:00,FOXNEWSW,20,FOXNEWSW_20211002_050000_Tucker_Carlson_Tonight/start/2160,MARTY MAKARY JOHNS HOPKINS UNIVERSITY PROFESSOR
2021-10-02 05:36:00,FOXNEWSW,20,FOXNEWSW_20211002_050000_Tucker_Carlson_Tonight/start/2160,MARTY MAKARY JOHNS HOPKINS UNIVERSITY PROFESSOR. MERCK SAYS CORONA PILL CUTS RISK OF DEATH IN HALF
2021-10-02 05:37:00,FOXNEWSW,10,FOXNEWSW_20211002_050000_Tucker_Carlson_Tonight/start/2220,MERCK SAYS CORONA PILL CUTS RISK OF DEATH IN HALF
2021-10-05 00:11:00,FOXNEWSW,25,FOXNEWSW_20211005_000000_Tucker_Carlson_Tonight/start/660,INSANE PEOPLE ARE GETTING VACCINATION TATT000S
2021-10-05 00:14:00,FOXNEWSW,27,FOXNEWSW_20211005_000000_Tucker_Carlson_Tonight/start/840,RON JOHNSON R WISCONSIN SENATOR NN Y N YL
2021-10-05 00:27:00,FOXNEWSW,6,FOXNEWSW_20211005_000000_Tucker_Carlson_Tonight/start/1620,KEITH ROSE FMR MEMBER OF INTEL COMMUNITY
2021-10-05 00:30:00,FOXNEWSW,22,FOXNEWSW_20211005_000000_Tucker_Carlson_Tonight/start/1800,RETIRED NAVY OFFICER ON HIS FBI HOUSE RAID THEY GRABBED MY LEGS DRAGGED ME THROUGH THE GRASS
2021-10-05 00:38:00,FOXNEWSW,37,FOXNEWSW_20211005_000000_Tucker_Carlson_Tonight/start/2280,GORDON KLEIN UCLA PROFESSOR SUSPENDED UCLA PROF GRADING STUDENTS BASED
2021-10-05 00:38:00,FOXNEWSW,37,FOXNEWSW_20211005_000000_Tucker_Carlson_Tonight/start/2280,GORDON KLEIN UCLA PROFESSOR UCLA PROF SUING AFTER BEING SUSPENDED FOR
2021-10-05 00:39:00,FOXNEWSW,16,FOXNEWSW_20211005_000000_Tucker_Carlson_Tonight/start/2340,GORDON KLEIN UCLA PROFESSOR UCLA PROF SAYS SUSPENSION COST
2021-10-05 00:39:00,FOXNEWSW,16,FOXNEWSW_20211005_000000_Tucker_Carlson_Tonight/start/2340,SUSPENDED UCLA PROF DIVERSITY. SUSPENDED UCLA PROF GRADING STUDENTS BASED ON RACE IS DEEPLY PATRONIZING OFFENSIVE
2021-10-05 05:11:00,FOXNEWSW,25,FOXNEWSW_20211005_050000_Tucker_Carlson_Tonight/start/660,IN ONE AMERICA TONY FAUCI IS IMMORTALIZED. B IN ONE AMERICA TONY FAUCI IS IMMORTALIZED
2021-10-05 05:14:00,FOXNEWSW,29,FOXNEWSW_20211005_050000_Tucker_Carlson_Tonight/start/840,THE LEFT CANT QUIT ITS SICK FAUCI OBSESSION
2021-10-05 05:31:00,FOXNEWSW,34,FOXNEWSW_20211005_050000_Tucker_Carlson_Tonight/start/1860,VETERAN ON THE JANUARY 6 FALLOUT: ITS BEEN A REAL LIFE AMERICAN HORROR STORY
2021-10-05 05:38:00,FOXNEWSW,38,FOXNEWSW_20211005_050000_Tucker_Carlson_Tonight/start/2280,GORDON KLEIN UCLA PROFESSOR SUSPENDED UCLA PROF GRADING STUDENTS BASED
2021-10-05 05:39:00,FOXNEWSW,11,FOXNEWSW_20211005_050000_Tucker_Carlson_Tonight/start/2340,SUSPENDED UCLA PROF DIVERSITY
2021-10-05 05:40:00,FOXNEWSW,11,FOXNEWSW_20211005_050000_Tucker_Carlson_Tonight/start/2400,UCLA PROF SAYS SUSPENSION COST HIM LIONS SHARE OF ANNUAL INCOME
2021-10-06 00:06:00,FOXNEWSW,15,FOXNEWSW_20211006_000000_Tucker_Carlson_Tonight/start/360,ARMED AGENTS NOW WILL ENFORCE LEFTS IDEOLOGY
2021-10-06 00:13:00,FOXNEWSW,15,FOXNEWSW_20211006_000000_Tucker_Carlson_Tonight/start/780,ATTORNEY GENERAL WEAPONIZES DOJ AGAINST PARENTS
2021-10-06 00:14:00,FOXNEWSW,11,FOXNEWSW_20211006_000000_Tucker_Carlson_Tonight/start/840,JOSH HAWLEY R MISSOURI SENATOR
2021-10-06 00:16:00,FOXNEWSW,29,FOXNEWSW_20211006_000000_Tucker_Carlson_Tonight/start/960,IAN PRIOR FIGHT FOR OUR SCHOOLS EXEC DIRECTOR. JUSTICE DEPARTMENT CALLS FOR FBI TO CRACK DOWN AT PARENTS ANGRY WITH SCHOOL BOARDS
2021-10-06 00:24:00,FOXNEWSW,7,FOXNEWSW_20211006_000000_Tucker_Carlson_Tonight/start/1440,JOURNALIST CHEERS ON DEMOGRAPHIC CHANGE IN TX
2021-10-06 00:28:00,FOXNEWSW,15,FOXNEWSW_20211006_000000_Tucker_Carlson_Tonight/start/1680,MIRANDA DEVINE NY POST COLUMNIST
2021-10-06 00:28:00,FOXNEWSW,15,FOXNEWSW_20211006_000000_Tucker_Carlson_Tonight/start/1680,MIRANDA DEVINE NY POST COLUMNIST LA ELITE LINE UP TO ATTEND HUNTERS
2021-10-06 00:29:00,FOXNEWSW,10,FOXNEWSW_20211006_000000_Tucker_Carlson_Tonight/start/1740,MIRANDA DEVINE NY POST COLUMNIST CONFLICT OF INTEREST
2021-10-06 00:30:00,FOXNEWSW,26,FOXNEWSW_20211006_000000_Tucker_Carlson_Tonight/start/1800,LYY R N AN AL S RN AMERICAN ARTIST
2021-10-06 00:31:00,FOXNEWSW,11,FOXNEWSW_20211006_000000_Tucker_Carlson_Tonight/start/1860,L AMERICAN ARTIST HUNTER IS PROBABLY OUR GREATEST PAINTER RIGHT NOW
2021-10-06 00:38:00,FOXNEWSW,28,FOXNEWSW_20211006_000000_Tucker_Carlson_Tonight/start/2280,CHICAGO PROSECUTOR REFUSES TO ENFORCE THE LAW
2021-10-06 00:40:00,FOXNEWSW,23,FOXNEWSW_20211006_000000_Tucker_Carlson_Tonight/start/2400,PA GUBERNATORIAL CANDIDATE ON HIS FIGHT AGAINST LAWLESSNESS. NEW VIDEO OUT OF PHILLY SHOWS PEOPLE DOING DONUTS AROUND COP CARS
2021-10-06 00:41:00,FOXNEWSW,20,FOXNEWSW_20211006_000000_Tucker_Carlson_Tonight/start/2460,BILL MCSWAIN FORMER US ATTORNEY PA GUBERNATORIAL CANDIDATE OUR POLICE DESERVE. L PA GUBERNATORIAL CANDIDATE PRIORITY WILL BE PROTECTING CITIZENS NOT CODDLING CRIMINALS
2021-10-06 00:51:00,FOXNEWSW,5,FOXNEWSW_20211006_000000_Tucker_Carlson_Tonight/start/3060,TECH COLUMNIST OUR OUTDATED LAWS ARE LETTING TECH GIANTS GET AWAY WITH EVERYTHING
2021-10-06 01:00:00,FOXNEWSW,8,FOXNEWSW_20211006_000000_Tucker_Carlson_Tonight/start/3600,BIDEN STATE DEPARTMENT HAS NO IDEA HOW MANY AMERICANS ARE STILL TRAPPED IN AFGHANISTAN
2021-10-07 00:06:00,FOXNEWSW,20,FOXNEWSW_20211007_000000_Tucker_Carlson_Tonight/start/360,W FREE PRESS EXISTS TO PROTECT THE WEAK
2021-10-07 00:07:00,FOXNEWSW,14,FOXNEWSW_20211007_000000_Tucker_Carlson_Tonight/start/420,IOLENT THREATS RISE SHARPLY ACROSS COUNTRY LIVE 334
2021-10-07 00:08:00,FOXNEWSW,27,FOXNEWSW_20211007_000000_Tucker_Carlson_Tonight/start/480,MASKING KIDS LIKELY DOES MORE HARM THAN GOOD
2021-10-07 00:16:00,FOXNEWSW,14,FOXNEWSW_20211007_000000_Tucker_Carlson_Tonight/start/960,JUSTICE DEPARTMENT CALLS FOR FBI TO CRACK DOWN ON PARENTS ANGRY WITH SCHOOL BOARDS
2021-10-07 00:17:00,FOXNEWSW,18,FOXNEWSW_20211007_000000_Tucker_Carlson_Tonight/start/1020,ELANA FISHBEIN MOM FIGHTING INDOCTRINATION JUSTICE DEPARTMENT CALLS FOR FBI TO CRACK
2021-10-07 00:18:00,FOXNEWSW,30,FOXNEWSW_20211007_000000_Tucker_Carlson_Tonight/start/1080,W ELANA FISHBEIN MOM FIGHTING INDOCTRINATION POWERLESS SUBURBAN PARENTS ARE FED UP WITH
2021-10-07 00:37:00,FOXNEWSW,20,FOXNEWSW_20211007_000000_Tucker_Carlson_Tonight/start/2220,JESSE WATTERS HOW SAVED THE WORLD AUTHOR
2021-10-07 00:39:00,FOXNEWSW,16,FOXNEWSW_20211007_000000_Tucker_Carlson_Tonight/start/2340,FAUCI FANS SUSAN RICE BILL GATES BONO APPEAR IN DISNEY DOCUMENTARY
2021-10-07 00:46:00,FOXNEWSW,11,FOXNEWSW_20211007_000000_Tucker_Carlson_Tonight/start/2760,WHISTIEBIOWER ISNT THE HERO YOU THINK SHE IS
2021-10-07 00:49:00,FOXNEWSW,14,FOXNEWSW_20211007_000000_Tucker_Carlson_Tonight/start/2940,BIG TECH DOESNT WANT YOU TO SEE THIS CONTENT
2021-10-07 00:50:00,FOXNEWSW,21,FOXNEWSW_20211007_000000_Tucker_Carlson_Tonight/start/3000,SETH DILLON BABYLON BEE
2021-10-07 00:51:00,FOXNEWSW,18,FOXNEWSW_20211007_000000_Tucker_Carlson_Tonight/start/3060,AN BIG TECH IS TRYING TO LIMIT THE
2021-10-07 00:52:00,FOXNEWSW,26,FOXNEWSW_20211007_000000_Tucker_Carlson_Tonight/start/3120,NO DISSENT ALLOWED BIG TECH TIGHTENS ITS CONTROL OVER INFORMATION
2021-10-08 00:11:00,FOXNEWSW,24,FOXNEWSW_20211008_000000_Tucker_Carlson_Tonight/start/660,GLENN GREENWALD JOURNALIST JOHN KERRY REVEALS BIDEN WAS COMPLETELY OUT OF
2021-10-08 00:31:00,FOXNEWSW,15,FOXNEWSW_20211008_000000_Tucker_Carlson_Tonight/start/1860,SENATE HAS THE VOTES TO PASS BILL TO RAISE THE DEBT CEILING
2021-10-08 00:32:00,FOXNEWSW,11,FOXNEWSW_20211008_000000_Tucker_Carlson_Tonight/start/1920,PRESIDENTIAL TOWN HALL WITH JOE BIDEN
2021-10-08 00:36:00,FOXNEWSW,29,FOXNEWSW_20211008_000000_Tucker_Carlson_Tonight/start/2160,SETH BARRON THE LAST DAYS OF NEW YORK AUTHOR. WORST MAYOR EVER DE BLASIO MISUSED SECURITY DETAIL
2021-10-08 00:37:00,FOXNEWSW,19,FOXNEWSW_20211008_000000_Tucker_Carlson_Tonight/start/2220,SETH BARRON THE LAST DAYS OF NEW YORK AUTHOR. L DE BLASIO IS LEAVING NEW YORK CITY A DIRTIER MORE DANGEROUS PLACE
2021-10-08 00:49:00,FOXNEWSW,13,FOXNEWSW_20211008_000000_Tucker_Carlson_Tonight/start/2940,JEANINE PIRRO WATCH THE JUDGE SATURDAYS AT 9PM ET
2021-10-08 00:57:00,FOXNEWSW,8,FOXNEWSW_20211008_000000_Tucker_Carlson_Tonight/start/3420,JERRY ESHLEHAN T RESURRECTION CHRISTIAN SCHOOL HEADMASTER FIGHTING TO KEEP HIS
2021-10-08 00:58:00,FOXNEWSW,14,FOXNEWSW_20211008_000000_Tucker_Carlson_Tonight/start/3480,A JERRY ESHLEMAN RESURRECTION CHRISTIAN SCHOOL
2021-10-08 00:59:00,FOXNEWSW,23,FOXNEWSW_20211008_000000_Tucker_Carlson_Tonight/start/3540,JERRY ESHLEMAN RESURRECTION CHRISTIAN SCHOOL
2021-10-08 01:00:00,FOXNEWSW,32,FOXNEWSW_20211008_000000_Tucker_Carlson_Tonight/start/3600,MOMENTS AWAY FORMER PRESIDENT DONALD TRUMP
2021-10-08 05:05:00,FOXNEWSW,7,FOXNEWSW_20211008_050000_Tucker_Carlson_Tonight/start/300,FED GOVT IS ACTING INDEPENDENTLY OF JOE BIDEN
2021-10-08 05:11:00,FOXNEWSW,22,FOXNEWSW_20211008_050000_Tucker_Carlson_Tonight/start/660,GLENN GREENWALD JOURNALIST
2021-10-08 05:31:00,FOXNEWSW,17,FOXNEWSW_20211008_050000_Tucker_Carlson_Tonight/start/1860,SENATE VOTES TO RAISE DEBT CEILING BY 48OB
2021-10-08 05:36:00,FOXNEWSW,28,FOXNEWSW_20211008_050000_Tucker_Carlson_Tonight/start/2160,SETH BARRON THE LAST DAYS OF NEW YORK AUTHOR. WORST MAYOR EVER DE BLASIO MISUSED SECURITY DETAIL
2021-10-08 05:37:00,FOXNEWSW,19,FOXNEWSW_20211008_050000_Tucker_Carlson_Tonight/start/2220,DE BLASIO IS LEAVING NEW YORK CITY A DIRTIER MORE DANGEROUS PLACE
2021-10-08 05:37:00,FOXNEWSW,19,FOXNEWSW_20211008_050000_Tucker_Carlson_Tonight/start/2220,SETH BARRON THE LAST DAYS OF NEW YORK AUTHOR
2021-10-08 05:56:00,FOXNEWSW,7,FOXNEWSW_20211008_050000_Tucker_Carlson_Tonight/start/3360,JERRY ESHLEMAN RESURRECTION CHRISTIAN SCHOOL HEADMASTER FIGHTING TO KEEP HIS
2021-10-08 05:59:00,FOXNEWSW,21,FOXNEWSW_20211008_050000_Tucker_Carlson_Tonight/start/3540,JERRY ESHLEMAN RESURRECTION CHRISTIAN SCHOOL
2021-10-08 06:00:00,FOXNEWSW,33,FOXNEWSW_20211008_050000_Tucker_Carlson_Tonight/start/3600,MOMENTS AWAY FORMER PRESIDENT DONALD TRUMP
2021-10-09 00:10:00,FOXNEWSW,8,FOXNEWSW_20211009_000000_Tucker_Carlson_Tonight/start/600,LEFT WILL DESTROY ANYONE THAT STANDS IN THEIR WAY
2021-10-09 00:12:00,FOXNEWSW,27,FOXNEWSW_20211009_000000_Tucker_Carlson_Tonight/start/720,EXPOSING THE LEFTS DESCENT INTO FASCISM
2021-10-09 00:14:00,FOXNEWSW,41,FOXNEWSW_20211009_000000_Tucker_Carlson_Tonight/start/840,EXPOSING THE LEFTS DESCENT INTO FASCISM
2021-10-09 00:23:00,FOXNEWSW,29,FOXNEWSW_20211009_000000_Tucker_Carlson_Tonight/start/1380,SNOOPERINCHIEF BIDEN WANTS THE IRS TO MONITOR YOUR BANK ACCOUNTS
2021-10-09 00:32:00,FOXNEWSW,17,FOXNEWSW_20211009_000000_Tucker_Carlson_Tonight/start/1920,COVID INOCULATIONS HIT 3MONTH HIGH
2021-10-09 00:37:00,FOXNEWSW,28,FOXNEWSW_20211009_000000_Tucker_Carlson_Tonight/start/2220,ALEX BERENSON UNREPORTED TRUTHS AUTHOR
2021-10-09 00:38:00,FOXNEWSW,30,FOXNEWSW_20211009_000000_Tucker_Carlson_Tonight/start/2280,ALEX BERENSON UNREPORTED TRUTHS AUTHOR. NO DISSENT ALLOWED BIG TECH TIGHTENS ITS CONTROL OVER INFORMATION
2021-10-09 00:39:00,FOXNEWSW,23,FOXNEWSW_20211009_000000_Tucker_Carlson_Tonight/start/2340,ALEX BERENSON UNREPORTED TRUTHS AUTHOR BERENSON GOVERNMENT IS RELYING
2021-10-09 00:39:00,FOXNEWSW,23,FOXNEWSW_20211009_000000_Tucker_Carlson_Tonight/start/2340,ALEX BERENSON UNREPORTED TRUTHS AUTHOR BERENSON TWITTER HAS DEFAMED ME BY CLAIMING
2021-10-09 00:40:00,FOXNEWSW,26,FOXNEWSW_20211009_000000_Tucker_Carlson_Tonight/start/2400,ALEX BERENSON UNREPORTED TRUTHS AUTHOR BERENSON GOVERNMENT IS RELYING
2021-10-09 00:47:00,FOXNEWSW,14,FOXNEWSW_20211009_000000_Tucker_Carlson_Tonight/start/2820,JUSTIN TRUDEAU IS DEEPLY COMMITTED TO WOKEISM
2021-10-09 00:48:00,FOXNEWSW,19,FOXNEWSW_20211009_000000_Tucker_Carlson_Tonight/start/2880,EXPOSING THE WOKE FASCISM OF THE LEFT
2021-10-09 00:49:00,FOXNEWSW,17,FOXNEWSW_20211009_000000_Tucker_Carlson_Tonight/start/2940,WOKEISM WILL DESTROY CIVILIZATION AS WE KNOW IT
2021-10-09 00:50:00,FOXNEWSW,15,FOXNEWSW_20211009_000000_Tucker_Carlson_Tonight/start/3000,GAD SAAD THE PARASITIC MIND AUTHOR
2021-10-09 01:00:00,FOXNEWSW,13,FOXNEWSW_20211009_000000_Tucker_Carlson_Tonight/start/3600,AN BIDENS PRESIDENCY IS A DISASTER
2021-10-12 00:14:00,FOXNEWSW,14,FOXNEWSW_20211012_000000_Tucker_Carlson_Tonight/start/840,PILOT MANDATES ON THE FLYING PUBLIC WILL BE NEXT
2021-10-12 00:15:00,FOXNEWSW,33,FOXNEWSW_20211012_000000_Tucker_Carlson_Tonight/start/900,JOSHUA YODER COMMERCIAL AIRLINE PILOT
2021-10-12 00:16:00,FOXNEWSW,20,FOXNEWSW_20211012_000000_Tucker_Carlson_Tonight/start/960,JOSHUA YODER US FREEDOM FLYERS COFOUNDER
2021-10-12 00:16:00,FOXNEWSW,20,FOXNEWSW_20211012_000000_Tucker_Carlson_Tonight/start/960,JOSHUA YODER US FREEDOM FLYERS COFOUNDER MANY PILOTS AND KEY WORKERS IN TRANSPORT
2021-10-12 00:36:00,FOXNEWSW,5,FOXNEWSW_20211012_000000_Tucker_Carlson_Tonight/start/2160,VIDEO CAPTURES CARTEL MACHINE GUN FIRE INTO US
2021-10-12 00:37:00,FOXNEWSW,22,FOXNEWSW_20211012_000000_Tucker_Carlson_Tonight/start/2220,VIDEO CAPTURES CARTEL MACHINE GUN FIRE INTO US
2021-10-12 00:38:00,FOXNEWSW,16,FOXNEWSW_20211012_000000_Tucker_Carlson_Tonight/start/2280,BILL MELUGIN LIVE ON USMEXICO BORDER
2021-10-12 00:40:00,FOXNEWSW,8,FOXNEWSW_20211012_000000_Tucker_Carlson_Tonight/start/2400,KAMALA USED CHILD ACTORS IN BIZARRE SPACE VIDEO
2021-10-12 00:41:00,FOXNEWSW,8,FOXNEWSW_20211012_000000_Tucker_Carlson_Tonight/start/2460,KAMALA USED CHILD ACTORS IN BIZARRE SPACE VIDEO
2021-10-12 00:42:00,FOXNEWSW,15,FOXNEWSW_20211012_000000_Tucker_Carlson_Tonight/start/2520,TREVOR GOT A CALLBACK KAMALA HARRIS STARS ALONGSIDE CHILD ACTOR
2021-10-12 00:49:00,FOXNEWSW,18,FOXNEWSW_20211012_000000_Tucker_Carlson_Tonight/start/2940,MICHAEL SHELLENBERGER APOCALYPSE NEVER AUTHOR
2021-10-12 00:50:00,FOXNEWSW,40,FOXNEWSW_20211012_000000_Tucker_Carlson_Tonight/start/3000,MICHAEL SHELLENBERGER APOCALYPSE NEVER AUTHOR. NEW CA LAW REQUIRES GENDERNEUTRAL TOY AISLES
2021-10-12 00:58:00,FOXNEWSW,16,FOXNEWSW_20211012_000000_Tucker_Carlson_Tonight/start/3480,BRET BAIER TO RESCUE THE REPUBLIC AUTHOR
2021-10-12 00:59:00,FOXNEWSW,31,FOXNEWSW_20211012_000000_Tucker_Carlson_Tonight/start/3540,BRET BAIER TO RESCUE THE REPUBLIC AUTHOR
2021-10-13 00:07:00,FOXNEWSW,4,FOXNEWSW_20211013_000000_Tucker_Carlson_Tonight/start/420,AMERICAS INFLATION CRISIS AFFECTS EVERYONE
2021-10-13 00:08:00,FOXNEWSW,10,FOXNEWSW_20211013_000000_Tucker_Carlson_Tonight/start/480,THE BIDEN ADMINISTRATION IS MAKING THIS WORSE
2021-10-13 00:10:00,FOXNEWSW,4,FOXNEWSW_20211013_000000_Tucker_Carlson_Tonight/start/600,BIDENS INFLATION CRISIS AFFECTS EVERYONE
2021-10-13 00:11:00,FOXNEWSW,9,FOXNEWSW_20211013_000000_Tucker_Carlson_Tonight/start/660,BIDENS INFLATION CRISIS AFFECTS EVERYONE
2021-10-13 00:13:00,FOXNEWSW,20,FOXNEWSW_20211013_000000_Tucker_Carlson_Tonight/start/780,INFLATION IS CUTTING INTO
2021-10-13 00:13:00,FOXNEWSW,20,FOXNEWSW_20211013_000000_Tucker_Carlson_Tonight/start/780,OREN CASS AMERICAN COMPASS EXECUTIVE DIRECTOR. BIDEN ADMIN IS PRICING YOU OUT OF BASIC NEEDS
2021-10-13 00:27:00,FOXNEWSW,11,FOXNEWSW_20211013_000000_Tucker_Carlson_Tonight/start/1620,LA COUNTY SHERIFF WONT ENFORCE VACCINE MANDATE
2021-10-13 00:33:00,FOXNEWSW,15,FOXNEWSW_20211013_000000_Tucker_Carlson_Tonight/start/1980,TOP PENTAGON OFFICIAL QUITS; CHINA HAS WON
2021-10-13 00:34:00,FOXNEWSW,19,FOXNEWSW_20211013_000000_Tucker_Carlson_Tonight/start/2040,PENTAGON’S CHIEF SOFTWARE OFFICER QUITS: TODAY’S AMERICA CANNOT COMPETE WITH CHINA
2021-10-13 00:42:00,FOXNEWSW,18,FOXNEWSW_20211013_000000_Tucker_Carlson_Tonight/start/2520,SHOCKING REPORT DETAIIS ALLEGED SCHOOL ATTACK
2021-10-13 00:44:00,FOXNEWSW,15,FOXNEWSW_20211013_000000_Tucker_Carlson_Tonight/start/2640,LUKE ROSIAK THE DAILY WIRE REPORT FATHER SAYS DAUGHTER WAS RAPED BY A
2021-10-13 00:44:00,FOXNEWSW,15,FOXNEWSW_20211013_000000_Tucker_Carlson_Tonight/start/2640,LUKE ROSIAK THE DAILY WIRE SHOCKING REPORT DETAILS ALLEGED
2021-10-13 00:46:00,FOXNEWSW,27,FOXNEWSW_20211013_000000_Tucker_Carlson_Tonight/start/2760,LUKE ROSIAK THE DAILY WIRE REPORT SKIRTWEARING BOY
2021-10-13 00:49:00,FOXNEWSW,38,FOXNEWSW_20211013_000000_Tucker_Carlson_Tonight/start/2940,MOLLIE HEMINGWAY RIGGED AUTHOR GOVERNOR DESANTIS VOWS TO KEEP
2021-10-13 00:57:00,FOXNEWSW,14,FOXNEWSW_20211013_000000_Tucker_Carlson_Tonight/start/3420,I 000 BRIT HUME SENIOR POLITICAL ANALYST DAILY MAIL BIDEN COULD BECOME EMBROILED
2021-10-13 01:00:00,FOXNEWSW,18,FOXNEWSW_20211013_000000_Tucker_Carlson_Tonight/start/3600,CRISIS AFTER CRISIS JOE BIDEN IS FAILING AMERICA ZZ 3
2021-10-13 05:01:00,FOXNEWSW,28,FOXNEWSW_20211013_050000_Tucker_Carlson_Tonight/start/60,FED RESERVE IS A FIREMAN TURNED ARSONIST
2021-10-13 05:07:00,FOXNEWSW,7,FOXNEWSW_20211013_050000_Tucker_Carlson_Tonight/start/420,A LATIN CRISIS AFFECTS AMERICA’S IN EVERYONE
2021-10-13 05:10:00,FOXNEWSW,9,FOXNEWSW_20211013_050000_Tucker_Carlson_Tonight/start/600,NO ONE IS LOOKING OUT FOR THE MIDDLE CLASS
2021-10-13 05:11:00,FOXNEWSW,12,FOXNEWSW_20211013_050000_Tucker_Carlson_Tonight/start/660,INFLATION IS CUTTING INTO. COST OF EVERYDAY GOODS IS RAPIDLY RISING
2021-10-13 05:13:00,FOXNEWSW,23,FOXNEWSW_20211013_050000_Tucker_Carlson_Tonight/start/780,INFLATION IS CUTTING INTO
2021-10-13 05:13:00,FOXNEWSW,23,FOXNEWSW_20211013_050000_Tucker_Carlson_Tonight/start/780,OREN CASS AMERICAN COMPASS EXECUTIVE DIRECTOR. BIDEN ADMIN IS PRICING YOU OUT OF BASIC NEEDS.  OREN CASS AMERICAN COMPASS EXECUTIVE DIRECTOR
2021-10-13 05:25:00,FOXNEWSW,19,FOXNEWSW_20211013_050000_Tucker_Carlson_Tonight/start/1500,ALEX VILLANUEVA I LOS ANGELES COUNTY SHERIFF
2021-10-13 05:35:00,FOXNEWSW,12,FOXNEWSW_20211013_050000_Tucker_Carlson_Tonight/start/2100,CHINAS DOMINANCE GROWS AS AMERICA DITHERS
2021-10-13 05:42:00,FOXNEWSW,11,FOXNEWSW_20211013_050000_Tucker_Carlson_Tonight/start/2520,LOUDOUN COUNTY FATHER ACCUSES SCHOOL OF A COVERUP
2021-10-13 05:43:00,FOXNEWSW,21,FOXNEWSW_20211013_050000_Tucker_Carlson_Tonight/start/2580,FATHER ACCUSES SCHOOL OF A COVERUP
2021-10-13 05:44:00,FOXNEWSW,21,FOXNEWSW_20211013_050000_Tucker_Carlson_Tonight/start/2640,FATHER ACCUSES SCHOOL OF A COVERUP
2021-10-13 05:46:00,FOXNEWSW,20,FOXNEWSW_20211013_050000_Tucker_Carlson_Tonight/start/2760,LUKE ROSIAK THE DAILY WIRE REPORT SKIRTWEARING BOY
2021-10-13 05:49:00,FOXNEWSW,33,FOXNEWSW_20211013_050000_Tucker_Carlson_Tonight/start/2940,MOLLIE HEMINGWAY RIGGED AUTHOR GOVERNOR DESANTIS VOWS TO KEEP
2021-10-13 05:50:00,FOXNEWSW,3,FOXNEWSW_20211013_050000_Tucker_Carlson_Tonight/start/3000,MOLLIE HEMINGWAY RIGGED AUTHOR MARK ZUCKERBERG IS SPENDING HUNDREDS OF
2021-10-13 05:57:00,FOXNEWSW,13,FOXNEWSW_20211013_050000_Tucker_Carlson_Tonight/start/3420,I BRIT HUME SENIOR POLITICAL ANALYST DAILY MAIL BIDEN COULD BECOME EMBROILED
2021-10-14 00:02:00,FOXNEWSW,21,FOXNEWSW_20211014_000000_Tucker_Carlson_Tonight/start/120,BIDEN IS THE MOST POPULAR MAN IN AMERICAN HISORY
2021-10-14 00:09:00,FOXNEWSW,23,FOXNEWSW_20211014_000000_Tucker_Carlson_Tonight/start/540,LAW ENFORCEMENT SHORTAGE THANK YOU JOE BIDEN
2021-10-14 00:10:00,FOXNEWSW,27,FOXNEWSW_20211014_000000_Tucker_Carlson_Tonight/start/600,IT’S NOT BIDENS FAULT
2021-10-14 00:21:00,FOXNEWSW,22,FOXNEWSW_20211014_000000_Tucker_Carlson_Tonight/start/1260,BIDENS IMMIGRATION AGENDA THE NUMBERS DONT LIE
2021-10-14 00:22:00,FOXNEWSW,15,FOXNEWSW_20211014_000000_Tucker_Carlson_Tonight/start/1320,BIDEN HAS RELEASED 40000 ILLEGAL IMMIGRANTS INTO THE US IN JUST 1O WEEKS. MOST OF BIDENS RECENTLY RELEASED MIGRANTS WILL BE ELIGIBLE FOR WORK PERMITS
2021-10-14 00:23:00,FOXNEWSW,13,FOXNEWSW_20211014_000000_Tucker_Carlson_Tonight/start/1380,BIDENS MESSAGE TO THE WORLD COME TO AMERICA
2021-10-14 00:24:00,FOXNEWSW,25,FOXNEWSW_20211014_000000_Tucker_Carlson_Tonight/start/1440,BIDENS MESSAGE TO THE WORLD: COME TO AMERICA
2021-10-14 00:27:00,FOXNEWSW,6,FOXNEWSW_20211014_000000_Tucker_Carlson_Tonight/start/1620,STEPHEN MILLER AMERICA FIRST LEGAL FOUNDER
2021-10-14 00:27:00,FOXNEWSW,6,FOXNEWSW_20211014_000000_Tucker_Carlson_Tonight/start/1620,STEPHEN MILLER FORMER WHITE HOUSE SENIOR ADVISER
2021-10-14 00:34:00,FOXNEWSW,17,FOXNEWSW_20211014_000000_Tucker_Carlson_Tonight/start/2040,RITICAL RACE THEORY SPURS HEATED DEBATE SRR N
2021-10-14 00:38:00,FOXNEWSW,18,FOXNEWSW_20211014_000000_Tucker_Carlson_Tonight/start/2280,JON GRUDEN RESIGNS AFTER LEAKED EMAILS
2021-10-14 00:39:00,FOXNEWSW,39,FOXNEWSW_20211014_000000_Tucker_Carlson_Tonight/start/2340,CLAY TRAVIS OUTKICK FOUNDER
2021-10-14 00:58:00,FOXNEWSW,20,FOXNEWSW_20211014_000000_Tucker_Carlson_Tonight/start/3480,CRIME SPIKING ACROSS THE COUNTRY. N 1L TR CAUGHT ON CAMERA DRIVEBY SHOOTING IN DC SUBURB
2021-10-14 00:59:00,FOXNEWSW,12,FOXNEWSW_20211014_000000_Tucker_Carlson_Tonight/start/3540,RAFAEL MANGUAL MANHATTAN INSTITUTE SENIOR FELLOW LAWLESSNESS IN AMERICA
2021-10-14 05:01:00,FOXNEWSW,28,FOXNEWSW_20211014_050000_Tucker_Carlson_Tonight/start/60,VLADIMIR PUTIN MUST BE BEHIND IT ALL
2021-10-14 05:02:00,FOXNEWSW,3,FOXNEWSW_20211014_050000_Tucker_Carlson_Tonight/start/120,OH THOSE RUSSIANS ARE AT IT AGAIN
2021-10-14 05:08:00,FOXNEWSW,42,FOXNEWSW_20211014_050000_Tucker_Carlson_Tonight/start/480,NURSE SHORTAGE THANK YOU JOE BIEN
2021-10-14 05:10:00,FOXNEWSW,27,FOXNEWSW_20211014_050000_Tucker_Carlson_Tonight/start/600,HEADMASTER FIGHTING TO KEEP HIS SCHOOL OPEN AMID MASK MANDATES
2021-10-14 05:21:00,FOXNEWSW,23,FOXNEWSW_20211014_050000_Tucker_Carlson_Tonight/start/1260,BIDENS IMMIGRATION AGENDA THE NUMBERS DONT LIE
2021-10-14 05:22:00,FOXNEWSW,16,FOXNEWSW_20211014_050000_Tucker_Carlson_Tonight/start/1320,MOST OF BIDENS RECENTLY RELEASED MIGRANTS WILL BE ELIGIBLE FOR WORK PERMITS. BIDEN HAS RELEASED 40000 ILLEGAL IMMIGRANTS INTO THE US IN JUST 1O WEEKS. BILL MELUGIN LIVE ON USMEXICO BORDER
2021-10-14 05:23:00,FOXNEWSW,12,FOXNEWSW_20211014_050000_Tucker_Carlson_Tonight/start/1380,BILL MELUGIN LIVE ON USMEXICO BORDER
2021-10-14 05:27:00,FOXNEWSW,6,FOXNEWSW_20211014_050000_Tucker_Carlson_Tonight/start/1620,STEPHEN MILLER AMERICA FIRST LEGAL FOUNDER
2021-10-14 05:38:00,FOXNEWSW,21,FOXNEWSW_20211014_050000_Tucker_Carlson_Tonight/start/2280,"JON GRUDEN, ROGER GOODELL: THE LEAKED EMAILS."
2021-10-14 05:58:00,FOXNEWSW,18,FOXNEWSW_20211014_050000_Tucker_Carlson_Tonight/start/3480,CRIME SPIKING ACROSS THE COUNTRY
2021-10-14 05:59:00,FOXNEWSW,10,FOXNEWSW_20211014_050000_Tucker_Carlson_Tonight/start/3540,RAFAEL MANGUAL MANHATTAN INSTITUTE SENIOR FELLOW LAWLESSNESS IN AMERICA
2021-10-16 00:05:00,FOXNEWSW,20,FOXNEWSW_20211016_000000_Tucker_Carlson_Tonight/start/300,MANY OF THE ESSENTIAL WORKERS OF YESTERDAY WILL LOSE THEIR JOBS DUE TO MANDATES
2021-10-16 00:07:00,FOXNEWSW,12,FOXNEWSW_20211016_000000_Tucker_Carlson_Tonight/start/420,LISA KEIM R MAINE STATE SENATOR
2021-10-16 00:08:00,FOXNEWSW,5,FOXNEWSW_20211016_000000_Tucker_Carlson_Tonight/start/480,LISA KEIM R MAINE STATE SENATOR
2021-10-16 00:15:00,FOXNEWSW,18,FOXNEWSW_20211016_000000_Tucker_Carlson_Tonight/start/900,DONNA BISSEY WAS PARADING DEMONSTRATING
2021-10-16 00:18:00,FOXNEWSW,10,FOXNEWSW_20211016_000000_Tucker_Carlson_Tonight/start/1080,THIS IS UNEQUAL JUSTICE BY ANY MEASURE
2021-10-16 00:22:00,FOXNEWSW,7,FOXNEWSW_20211016_000000_Tucker_Carlson_Tonight/start/1320,RUMP DEMANDS MORE INFO ON DEATH OF ASHLI BABBITT B
2021-10-16 00:36:00,FOXNEWSW,24,FOXNEWSW_20211016_000000_Tucker_Carlson_Tonight/start/2160,HAVANA SYNDROME DIPLOMATS CLAIM TO SUFFER FROM MYSTERIOUS DISEASE
2021-10-16 00:38:00,FOXNEWSW,11,FOXNEWSW_20211016_000000_Tucker_Carlson_Tonight/start/2280,ROBERT BARTHOLOMEW UNIVERSITY OF AUCKLAND PROFESSOR REPORT STATE DEPARTMENT REVIEW SAYS
2021-10-16 05:05:00,FOXNEWSW,20,FOXNEWSW_20211016_050000_Tucker_Carlson_Tonight/start/300,UP TO HALF OF CHICAGO POLICE OFFICERS COULD BE PUT ON LEAVE OVER VACCINE STATUS
2021-10-16 05:07:00,FOXNEWSW,14,FOXNEWSW_20211016_050000_Tucker_Carlson_Tonight/start/420,LISA KEIM R MAINE STATE SENATOR
2021-10-16 05:07:00,FOXNEWSW,14,FOXNEWSW_20211016_050000_Tucker_Carlson_Tonight/start/420,LISA KEIM R MAINE STATE SENATOR MANY OF THE ESSENTIAL WORKERS OF
2021-10-16 05:15:00,FOXNEWSW,15,FOXNEWSW_20211016_050000_Tucker_Carlson_Tonight/start/900,DONNA BISSEY WAS PARADING DEMONSTRATING
2021-10-16 05:36:00,FOXNEWSW,25,FOXNEWSW_20211016_050000_Tucker_Carlson_Tonight/start/2160,HAVANA SYNDROME DIPLOMATS CLAIM TO SUFFER FROM MYSTERIOUS DISEASE
2021-10-16 05:37:00,FOXNEWSW,37,FOXNEWSW_20211016_050000_Tucker_Carlson_Tonight/start/2220,ROBERT BARTHOLOMEW UNIVERSITY OF AUCKLAND PROFESSOR
2021-10-16 05:46:00,FOXNEWSW,23,FOXNEWSW_20211016_050000_Tucker_Carlson_Tonight/start/2760,SCHELLERS PARENTS SAY THEIR
2021-10-19 00:09:00,FOXNEWSW,5,FOXNEWSW_20211019_000000_Tucker_Carlson_Tonight/start/540,BIDEN FRIENDS THINK MASKS ARE FOR OTHER PEOPLE
2021-10-19 00:16:00,FOXNEWSW,10,FOXNEWSW_20211019_000000_Tucker_Carlson_Tonight/start/960,MIRANDA DEVINE NY POST COLUMNIST NYPOST BIDEN ADMIN IS FERRYING
2021-10-19 00:16:00,FOXNEWSW,10,FOXNEWSW_20211019_000000_Tucker_Carlson_Tonight/start/960,MIRANDA DEVINE NY POST COLUMNIST NYPOST ILLEGAL IMMIGRANTS WHISKED AWAY
2021-10-19 00:24:00,FOXNEWSW,12,FOXNEWSW_20211019_000000_Tucker_Carlson_Tonight/start/1440,STEELE CLAIMS TRUMP IS A POTENTIAL SECURITY THREAT
2021-10-19 00:35:00,FOXNEWSW,8,FOXNEWSW_20211019_000000_Tucker_Carlson_Tonight/start/2100,CRISIS IS A SIGN THAT THINGS ARE GOING VERY WELL
2021-10-19 00:40:00,FOXNEWSW,18,FOXNEWSW_20211019_000000_Tucker_Carlson_Tonight/start/2400,GLENN GREENWALD JOURNALIST GREENWALD TO SAY INVESTIGATIVE ACTS OF JAN 6
2021-10-19 00:40:00,FOXNEWSW,18,FOXNEWSW_20211019_000000_Tucker_Carlson_Tonight/start/2400,YR TN AN BIDEN SAID DOJ SHOULD PURSUE CRIMINAL CHARGES
2021-10-19 00:42:00,FOXNEWSW,4,FOXNEWSW_20211019_000000_Tucker_Carlson_Tonight/start/2520,LIDOCAINE 5 PHENYLEPHRINE HCI O25 PETROLATUM 39 MINERAL OIL 17
2021-10-19 00:57:00,FOXNEWSW,15,FOXNEWSW_20211019_000000_Tucker_Carlson_Tonight/start/3420,PA HOSPITAL ALLOWS EMPLOYEES WITH NATURAL IMMUNITY TO DEFER FROM TAKING VACCINE FOR A YEAR
2021-10-19 05:16:00,FOXNEWSW,7,FOXNEWSW_20211019_050000_Tucker_Carlson_Tonight/start/960,MIRANDA DEVINE NY POST COLUMNIST NYPOST MORE THAN 200O ILLEGAL MIGRANTS
2021-10-19 05:39:00,FOXNEWSW,13,FOXNEWSW_20211019_050000_Tucker_Carlson_Tonight/start/2340,GREENWALD TO SAY INVESTIGATIVE ACTS OF JAN 6 COMMITTEE ARE RADICAL IS A WILD UNDERSTATEMENT
2021-10-19 05:40:00,FOXNEWSW,27,FOXNEWSW_20211019_050000_Tucker_Carlson_Tonight/start/2400,GLENN GREENWALD JOURNALIST BIDEN SAID DOJ SHOULD PURSUE CRIMINAL CHARGES
2021-10-19 05:40:00,FOXNEWSW,27,FOXNEWSW_20211019_050000_Tucker_Carlson_Tonight/start/2400,GLENN GREENWALD JOURNALIST GREENWALD TO SAY INVESTIGATIVE ACTS OF JAN 6
2021-10-19 06:00:00,FOXNEWSW,7,FOXNEWSW_20211019_050000_Tucker_Carlson_Tonight/start/3600,INSPECTOR GENERAL LAUNCHING PROBE INTO BIDENS BOTCHED AFGHANISTAN WITHDRAWAL
2021-10-20 00:03:00,FOXNEWSW,21,FOXNEWSW_20211020_000000_Tucker_Carlson_Tonight/start/180,MEDIA ON VIOLENT BLM RIOTS MOSTLY PEACEFUL
2021-10-20 00:17:00,FOXNEWSW,15,FOXNEWSW_20211020_000000_Tucker_Carlson_Tonight/start/1020,BIDENS AMERICA IS MORE EXPENSIVE AND DANGEROUS. WER YOUR EXPECTATIONS WASHINGTON POST TELLS AMERICA TO GET USED TO INFLATION
2021-10-20 00:28:00,FOXNEWSW,33,FOXNEWSW_20211020_000000_Tucker_Carlson_Tonight/start/1680,ONLY ON TUCKER TRAVIS TRITT COUNTRY MUSIC SENSATION. ONLY ON TUCKER TRAVIS TRITT COUNTRY MUSIC SENSATION
2021-10-20 00:37:00,FOXNEWSW,44,FOXNEWSW_20211020_000000_Tucker_Carlson_Tonight/start/2220,MICHAEL BERRY FIRST LIBERTY INSTITUTE
2021-10-20 00:38:00,FOXNEWSW,16,FOXNEWSW_20211020_000000_Tucker_Carlson_Tonight/start/2280,HIRING MANAGERS FOCUS ON VAX STATUS
2021-10-20 00:58:00,FOXNEWSW,18,FOXNEWSW_20211020_000000_Tucker_Carlson_Tonight/start/3480,FAMILY RESEARCH ORGANIZATION CLAIMS MARRIED HOUSEHOLDS ARE RACIST
2021-10-20 00:59:00,FOXNEWSW,17,FOXNEWSW_20211020_000000_Tucker_Carlson_Tonight/start/3540,NCFR CLAIMS THE NUCLEAR FAMILY IS RACIST
2021-10-20 05:17:00,FOXNEWSW,15,FOXNEWSW_20211020_050000_Tucker_Carlson_Tonight/start/1020,JOSH HAWLEY R MISSOURI SENATOR TOWER YOUR EXPECTATIONS. BIDENS AMERICA IS MORE EXPENSIVE AND DANGEROUS
2021-10-20 05:24:00,FOXNEWSW,7,FOXNEWSW_20211020_050000_Tucker_Carlson_Tonight/start/1440,COUNTRY MUSIC STAR TRAVIS TRITT TALKS TO TUCKER
2021-10-20 05:28:00,FOXNEWSW,29,FOXNEWSW_20211020_050000_Tucker_Carlson_Tonight/start/1680,ONLY ON TUCKER TRAVIS TRITT COUNTRY MUSIC SENSATION
2021-10-20 05:37:00,FOXNEWSW,41,FOXNEWSW_20211020_050000_Tucker_Carlson_Tonight/start/2220,MICHAEL BERRY FIRST LIBERTY INSTITUTE
2021-10-20 05:38:00,FOXNEWSW,14,FOXNEWSW_20211020_050000_Tucker_Carlson_Tonight/start/2280,NAVY SEALS ARE BEING THREATENED FOR OBJECTING TO VAX MANDATES DUE TO RELIGIOUS REASONS
2021-10-20 05:57:00,FOXNEWSW,20,FOXNEWSW_20211020_050000_Tucker_Carlson_Tonight/start/3420,NATIONAL COUNCIL ON FAMILY RELATIONS CLAIMS THE NUCLEAR FAMILY IS AN EXTENSION OF WHITE SUPREMACY
2021-10-20 05:58:00,FOXNEWSW,17,FOXNEWSW_20211020_050000_Tucker_Carlson_Tonight/start/3480,KENDALL QUALLS TAKE CHARGE MN PRESIDENT
2021-10-20 05:59:00,FOXNEWSW,12,FOXNEWSW_20211020_050000_Tucker_Carlson_Tonight/start/3540,KENDALL QUALLS TAKE CHARGE MN PRESIDENT
2021-10-20 05:59:00,FOXNEWSW,12,FOXNEWSW_20211020_050000_Tucker_Carlson_Tonight/start/3540,KENDALL QUALLS TAKE CHARGE MN PRESIDENT NATIONAL COUNCIL ON FAMILY RELATIONS. NCFR CLAIMS THE NUCLEAR FAMILY IS RACIST
2021-10-21 00:09:00,FOXNEWSW,14,FOXNEWSW_20211021_000000_Tucker_Carlson_Tonight/start/540,DRUG OVERDOSE DEATHS HIT RECORD HIGH
2021-10-21 00:10:00,FOXNEWSW,20,FOXNEWSW_20211021_000000_Tucker_Carlson_Tonight/start/600,JOHN DANIEL DAVIDSON THE FEDERALIST
2021-10-21 00:11:00,FOXNEWSW,7,FOXNEWSW_20211021_000000_Tucker_Carlson_Tonight/start/660,JOHN DANIEL DAVIDSON THE FEDERALIST NATIONAL GUARD SOLDIERS START
2021-10-21 00:26:00,FOXNEWSW,17,FOXNEWSW_20211021_000000_Tucker_Carlson_Tonight/start/1560,ABIGAIL SHRIER IRREVERSIBLE DAMAGE AUTHOR
2021-10-21 00:27:00,FOXNEWSW,13,FOXNEWSW_20211021_000000_Tucker_Carlson_Tonight/start/1620,ABIGAIL SHRIER IRREVERSIBLE DAMAGE AUTHOR AUTHOR WE CANT ALLOW ACTIVISTS SHODDY
2021-10-21 00:37:00,FOXNEWSW,19,FOXNEWSW_20211021_000000_Tucker_Carlson_Tonight/start/2220,JAMES CRAIG FORMER DETROIT POLICE CHIEF
2021-10-21 00:39:00,FOXNEWSW,24,FOXNEWSW_20211021_000000_Tucker_Carlson_Tonight/start/2340,JAMES CRAIG FORMER DETROIT POLICE CHIEF
2021-10-21 00:52:00,FOXNEWSW,4,FOXNEWSW_20211021_000000_Tucker_Carlson_Tonight/start/3120,JENNIE TAYLOR GOLD STAR FAMILY HOME RECIPIENT
2021-10-21 00:57:00,FOXNEWSW,21,FOXNEWSW_20211021_000000_Tucker_Carlson_Tonight/start/3420,ALEX BERENSON UNREPORTED TRUTHS AUTHOR. NONCORONA DEATHS HAVE JUMPED IN SEVERAL COUNTRIES
2021-10-21 00:58:00,FOXNEWSW,36,FOXNEWSW_20211021_000000_Tucker_Carlson_Tonight/start/3480,ALEX BERENSON UNREPORTED TRUTHS AUTHOR
2021-10-21 05:09:00,FOXNEWSW,12,FOXNEWSW_20211021_050000_Tucker_Carlson_Tonight/start/540,JOHN DANIEL DAVIDSON THE FEDERALIST
2021-10-21 05:10:00,FOXNEWSW,13,FOXNEWSW_20211021_050000_Tucker_Carlson_Tonight/start/600,JOHN DANIEL DAVIDSON THE FEDERALIST
2021-10-21 05:10:00,FOXNEWSW,13,FOXNEWSW_20211021_050000_Tucker_Carlson_Tonight/start/600,JOHN DANIEL DAVIDSON THE FEDERALIST BORDER PATROL SEIZES MORE FENTANYL
2021-10-21 05:11:00,FOXNEWSW,6,FOXNEWSW_20211021_050000_Tucker_Carlson_Tonight/start/660,JOHN DANIEL DAVIDSON THE FEDERALIST NATIONAL GUARD SOLDIERS START
2021-10-21 05:25:00,FOXNEWSW,22,FOXNEWSW_20211021_050000_Tucker_Carlson_Tonight/start/1500,CONSERVATIVES ARE LOSING THE GENDER WAR
2021-10-21 05:40:00,FOXNEWSW,14,FOXNEWSW_20211021_050000_Tucker_Carlson_Tonight/start/2400,JAMES CRAIG CHALLENGING WHITMER FOR MI GOVERNOR
2021-10-21 05:57:00,FOXNEWSW,16,FOXNEWSW_20211021_050000_Tucker_Carlson_Tonight/start/3420,ALEX BERENSON UNREPORTED TRUTHS AUTHOR
2021-10-21 05:57:00,FOXNEWSW,16,FOXNEWSW_20211021_050000_Tucker_Carlson_Tonight/start/3420,ALEX BERENSON UNREPORTED TRUTHS AUTHOR COUNTRIES ARE SEEING UNUSUALLY HIGH
2021-10-21 06:00:00,FOXNEWSW,12,FOXNEWSW_20211021_050000_Tucker_Carlson_Tonight/start/3600,PARTIAL HUMAN REMAINS FOUND AT FLORIDA RESERVE AS AUTHORITIES DISCOVER BRIAN LAUNDRIES BELONGINGS
2021-10-22 00:13:00,FOXNEWSW,9,FOXNEWSW_20211022_000000_Tucker_Carlson_Tonight/start/780,BIZARRE VIDEOS INTENTIONALLY RELEASED OF KAMALAS SURPRISE BIRTHDAY CELEBRATION
2021-10-22 00:14:00,FOXNEWSW,23,FOXNEWSW_20211022_000000_Tucker_Carlson_Tonight/start/840,L ECSTATIC KAMALA PURRS AS BIDEN TOTTERS DOWN THE HALLWAY WITH SURPRISE FLOWERS
2021-10-22 00:15:00,FOXNEWSW,16,FOXNEWSW_20211022_000000_Tucker_Carlson_Tonight/start/900,AN ARG EN A O ON THE BIDEN ADMIN LIVES IN AN ALTERNATE. THE BIDEN ADMIN LIVES IN AN ALTERNATE REALITY OUR LEADERS LACK SELFAWARENESS
2021-10-22 00:25:00,FOXNEWSW,7,FOXNEWSW_20211022_000000_Tucker_Carlson_Tonight/start/1500,MEDIA ARE SILENT NOW THAT FL COVID CASES ARE DOWN
2021-10-22 00:27:00,FOXNEWSW,18,FOXNEWSW_20211022_000000_Tucker_Carlson_Tonight/start/1620,RON DESANTIS R FLORIDA GOVERNOR DESANTIS MANDATES RESTRICTIONS WERE
2021-10-22 00:28:00,FOXNEWSW,17,FOXNEWSW_20211022_000000_Tucker_Carlson_Tonight/start/1680,RON DESANTIS R FLORIDA GOVERNOR DESANTIS FLORIDA PORTS ARE READY
2021-10-22 00:28:00,FOXNEWSW,17,FOXNEWSW_20211022_000000_Tucker_Carlson_Tonight/start/1680,RON DESANTIS R FLORIDA GOVERNOR. DESANTIS INVITES SHIPS TO FL PORTS TO SOLVE CRISIS
2021-10-22 00:38:00,FOXNEWSW,38,FOXNEWSW_20211022_000000_Tucker_Carlson_Tonight/start/2280,SETH DILLON BABYLON BEE IM OFFENDED. THE DEATH OF COMEDY NETFLIX EMPLOYEES PROTEST DAVE CHAPPELLE SPECIAL
2021-10-22 00:47:00,FOXNEWSW,18,FOXNEWSW_20211022_000000_Tucker_Carlson_Tonight/start/2820,ASRA NOMANI PARENTS DEFENDING EDUCATION VP
2021-10-22 00:49:00,FOXNEWSW,9,FOXNEWSW_20211022_000000_Tucker_Carlson_Tonight/start/2940,ASRA NOMANI PARENTS DEFENDING EDUCATION VP CONFLICT OF INTEREST
2021-10-22 00:56:00,FOXNEWSW,7,FOXNEWSW_20211022_000000_Tucker_Carlson_Tonight/start/3360,RUMP DEMANDS MORE INFO ON DEATH OF ASHLI BABBITT 2 M
2021-10-22 01:00:00,FOXNEWSW,6,FOXNEWSW_20211022_000000_Tucker_Carlson_Tonight/start/3600,TROY NEHLS R TEXAS CONGRESSMAN LT MICHAEL BYRD CARELESSLY AIMED
2021-10-22 05:02:00,FOXNEWSW,13,FOXNEWSW_20211022_050000_Tucker_Carlson_Tonight/start/120,THIS WAS A VERY SAD SURPRISE PARTY
2021-10-22 05:13:00,FOXNEWSW,16,FOXNEWSW_20211022_050000_Tucker_Carlson_Tonight/start/780,BIZARRE VIDEOS INTENTIONALLY RELEASED OF KAMALA’S SURPRISE BIRTHDAY CELEBRATION
2021-10-22 05:14:00,FOXNEWSW,22,FOXNEWSW_20211022_050000_Tucker_Carlson_Tonight/start/840,ECSTATIC KAMALA PURRS AS BIDEN TOTTERS DOWN THE HALLWAY WITH SURPRISE FLOWERS
2021-10-22 05:15:00,FOXNEWSW,8,FOXNEWSW_20211022_050000_Tucker_Carlson_Tonight/start/900,THE BIDEN ADMIN LIVES IN AN ALTERNATE REALITY
2021-10-22 05:25:00,FOXNEWSW,12,FOXNEWSW_20211022_050000_Tucker_Carlson_Tonight/start/1500,MEDIA ARE SILENT NOW THAT FL COVID CASES ARE DOWN
2021-10-22 05:27:00,FOXNEWSW,23,FOXNEWSW_20211022_050000_Tucker_Carlson_Tonight/start/1620,RON DESANTIS R FLORIDA GOVERNOR
2021-10-22 05:27:00,FOXNEWSW,23,FOXNEWSW_20211022_050000_Tucker_Carlson_Tonight/start/1620,RON DESANTIS R FLORIDA GOVERNOR DESANTIS MANDATES RESTRICTIONS WERE
2021-10-22 05:28:00,FOXNEWSW,17,FOXNEWSW_20211022_050000_Tucker_Carlson_Tonight/start/1680,RON DESANTIS R FLORIDA GOVERNOR
2021-10-22 05:29:00,FOXNEWSW,8,FOXNEWSW_20211022_050000_Tucker_Carlson_Tonight/start/1740,DESANTIS FLORIDA PORTS ARE READY TO HELP AMERICAS SUPPLY CHAIN BACKLOG
2021-10-22 05:38:00,FOXNEWSW,24,FOXNEWSW_20211022_050000_Tucker_Carlson_Tonight/start/2280,SETH DILLON BABYLON BEE IM OFFENDED
2021-10-22 05:39:00,FOXNEWSW,7,FOXNEWSW_20211022_050000_Tucker_Carlson_Tonight/start/2340,SETH DILLON BABYLON BEE THE DEATH OF COMEDY
2021-10-22 05:47:00,FOXNEWSW,14,FOXNEWSW_20211022_050000_Tucker_Carlson_Tonight/start/2820,ASRA NOMANI PARENTS DEFENDING EDUCATION VP
2021-10-22 05:49:00,FOXNEWSW,8,FOXNEWSW_20211022_050000_Tucker_Carlson_Tonight/start/2940,ASRA NOMANI PARENTS DEFENDING EDUCATION VP CONFLICT OF INTEREST
2021-10-22 05:56:00,FOXNEWSW,12,FOXNEWSW_20211022_050000_Tucker_Carlson_Tonight/start/3360,EVALUATING THE POLICE SHOOTING OF ASHLI BABBITT
2021-10-22 05:59:00,FOXNEWSW,39,FOXNEWSW_20211022_050000_Tucker_Carlson_Tonight/start/3540,LT MICHAEL BYRD CARELESSLY AIMED HIS GUN AT REP NEHLS DURING THE JAN 6 RIOT
2021-10-23 00:02:00,FOXNEWSW,12,FOXNEWSW_20211023_000000_Tucker_Carlson_Tonight/start/120,BIDEN WAS GETTING READY TO MEET AN OLD FOE
2021-10-23 00:14:00,FOXNEWSW,14,FOXNEWSW_20211023_000000_Tucker_Carlson_Tonight/start/840,POWERHUNGRY DEMS ARE WILLING TO PUT UP WITH BIDEN
2021-10-23 00:16:00,FOXNEWSW,10,FOXNEWSW_20211023_000000_Tucker_Carlson_Tonight/start/960,TW SHANNON R FMR SPEAKER OF THE OKLAHOMA HOUSE BIDEN KEEPS REFERRING TO
2021-10-23 00:37:00,FOXNEWSW,26,FOXNEWSW_20211023_000000_Tucker_Carlson_Tonight/start/2220,LAW PROFESSOR ON HUNTER THERES AMPLE BASIS FOR THE APPOINTMENT OF A SPECIAL COUNSEL
2021-10-23 00:38:00,FOXNEWSW,29,FOXNEWSW_20211023_000000_Tucker_Carlson_Tonight/start/2280,JONATHAN TURLEY GWU LAW PROFESSOR LAW PROFESSOR ON HUNTER THERES AMPLE. THERES NO SUGARCOATING IT HUNTER BIDEN PLACED MM CHOCOLATES ON HIS PRIVATES
2021-10-23 00:39:00,FOXNEWSW,47,FOXNEWSW_20211023_000000_Tucker_Carlson_Tonight/start/2340,JONATHAN TURLEY GWU LAW PROFESSOR LAW PROFESSOR ON HUNTER THERES AMPLE
2021-10-23 00:40:00,FOXNEWSW,24,FOXNEWSW_20211023_000000_Tucker_Carlson_Tonight/start/2400,JONATHAN TURLEY LEGAL SCHOLAR TIME FOR A SPECIAL COUNSEL
2021-10-23 00:41:00,FOXNEWSW,20,FOXNEWSW_20211023_000000_Tucker_Carlson_Tonight/start/2460,TIME FOR A SPECIAL COUNSEL HUNTER DABBLED IN INFLUENCE PEDDLING TAX VIOLATIONS
2021-10-23 00:58:00,FOXNEWSW,33,FOXNEWSW_20211023_000000_Tucker_Carlson_Tonight/start/3480,NYC IS GETTING FILTHIER RATS ARE EVERYWHERE
2021-10-23 05:01:00,FOXNEWSW,11,FOXNEWSW_20211023_050000_Tucker_Carlson_Tonight/start/60,GRAVE DETERIORATION IS BEING THRUST IN OUR FACE
2021-10-23 05:03:00,FOXNEWSW,12,FOXNEWSW_20211023_050000_Tucker_Carlson_Tonight/start/180,PRESIDENTIAL TOWN HALL
2021-10-23 05:16:00,FOXNEWSW,14,FOXNEWSW_20211023_050000_Tucker_Carlson_Tonight/start/960,TW SHANNON R T FMR SPEAKER OF THE OKLAHOMA HOUSE BIDEN KEEPS REFERRING TO
2021-10-23 05:31:00,FOXNEWSW,15,FOXNEWSW_20211023_050000_Tucker_Carlson_Tonight/start/1860,TIM CLEMENTE HOLLYWOOD TECHNICAL CONSULTANT HEARD ON 911 CALL THEY WERE
2021-10-23 05:38:00,FOXNEWSW,29,FOXNEWSW_20211023_050000_Tucker_Carlson_Tonight/start/2280,JONATHAN TURLEY GWU LAW PROFESSOR LAW PROFESSOR ON HUNTER THERES AMPLE
2021-10-23 05:38:00,FOXNEWSW,29,FOXNEWSW_20211023_050000_Tucker_Carlson_Tonight/start/2280,JONATHAN TURLEY GWU LAW PROFESSOR THERES NO SUGARCOATING IT
2021-10-23 05:40:00,FOXNEWSW,23,FOXNEWSW_20211023_050000_Tucker_Carlson_Tonight/start/2400,JONATHAN TURLEY LEGAL SCHOLAR TIME FOR A SPECIAL COUNSEL
2021-10-23 05:48:00,FOXNEWSW,25,FOXNEWSW_20211023_050000_Tucker_Carlson_Tonight/start/2880,AFGHAN REFUGEE CHARGED WITH RAPE IN MONTANA
2021-10-23 05:56:00,FOXNEWSW,18,FOXNEWSW_20211023_050000_Tucker_Carlson_Tonight/start/3360,DEADLY RAT DISEASE IS MAKING NEW YORKERS VERY ILL
2021-10-23 05:57:00,FOXNEWSW,27,FOXNEWSW_20211023_050000_Tucker_Carlson_Tonight/start/3420,LEPTOSPIROSIS WILL PUT YOU IN THE HOSPITAL
2021-10-23 05:58:00,FOXNEWSW,32,FOXNEWSW_20211023_050000_Tucker_Carlson_Tonight/start/3480,L NYC IS GETTING FILTHIER RATS ARE EVERYWHERE
2021-10-26 00:06:00,FOXNEWSW,27,FOXNEWSW_20211026_000000_Tucker_Carlson_Tonight/start/360,WH DOESNT CARE ABOUT THE AVERAGE AMERICAN WRKER
2021-10-26 00:09:00,FOXNEWSW,27,FOXNEWSW_20211026_000000_Tucker_Carlson_Tonight/start/540,MIGRANT BEST TIME TO COME BECAUSE OF BIDEN
2021-10-26 00:10:00,FOXNEWSW,11,FOXNEWSW_20211026_000000_Tucker_Carlson_Tonight/start/600,BIDEN IS BUILDING A WALL AROUND HIS PRIVATE HOME
2021-10-26 00:12:00,FOXNEWSW,13,FOXNEWSW_20211026_000000_Tucker_Carlson_Tonight/start/720,COURT DOCS SHOW BIDEN ADMIN IGNORING THE LAW
2021-10-26 00:17:00,FOXNEWSW,19,FOXNEWSW_20211026_000000_Tucker_Carlson_Tonight/start/1020,TELL BIDEN WE ARE COMING MIGRANT CARAVAN TRAVELING THROUGH MEXICO TO US
2021-10-26 00:24:00,FOXNEWSW,20,FOXNEWSW_20211026_000000_Tucker_Carlson_Tonight/start/1440,WE TOLD YOU ABOUT POSSIBLE FED INVOLVEMENT IN 16
2021-10-26 00:26:00,FOXNEWSW,23,FOXNEWSW_20211026_000000_Tucker_Carlson_Tonight/start/1560,ON VIDEO MAN ENCOURAGES PEOPLE TO ENTER CAPITOL
2021-10-26 00:27:00,FOXNEWSW,45,FOXNEWSW_20211026_000000_Tucker_Carlson_Tonight/start/1620,ON VIDEO MAN ENCOURAGES PEOPLE TO ENTER CAPITOL
2021-10-26 00:28:00,FOXNEWSW,50,FOXNEWSW_20211026_000000_Tucker_Carlson_Tonight/start/1680,DARREN BEATTIE REVOLVER NEWS
2021-10-26 00:37:00,FOXNEWSW,17,FOXNEWSW_20211026_000000_Tucker_Carlson_Tonight/start/2220,ALEX MARLOW BREITBART EDITORINCHIEF FACEBOOK EMPLOYEES WANTED COMPANY
2021-10-26 00:48:00,FOXNEWSW,22,FOXNEWSW_20211026_000000_Tucker_Carlson_Tonight/start/2880,L JEFFREY STEEL FRUSTRATED FATHER FATHER CLAIMS SCHOOL FORCED MASK
2021-10-26 00:51:00,FOXNEWSW,26,FOXNEWSW_20211026_000000_Tucker_Carlson_Tonight/start/3060,FL SCHOOL TIES MASK TO FACE OF DISABLED 7YEAROLD
2021-10-26 00:57:00,FOXNEWSW,5,FOXNEWSW_20211026_000000_Tucker_Carlson_Tonight/start/3420,JACK CIATTARELLI R CANDIDATE FOR NEW JERSEY GOVERNOR
2021-10-26 00:58:00,FOXNEWSW,20,FOXNEWSW_20211026_000000_Tucker_Carlson_Tonight/start/3480,GOV PHIL MURPHY ADMITTED THAT THE BILL OF RIGHTS WAS ABOVE HIS PAYGRADE
2021-10-26 00:58:00,FOXNEWSW,20,FOXNEWSW_20211026_000000_Tucker_Carlson_Tonight/start/3480,JACK CIATTARELLI R CANDIDATE FOR NEW JERSEY GOVERNOR GOV MURPHYS LEAD SHRINKING
2021-10-28 05:10:00,FOXNEWSW,24,FOXNEWSW_20211028_050000_Tucker_Carlson_Tonight/start/600,NO ONE SEEMS TO BE GOING TO WORK UNDER BIDEN
2021-10-28 05:14:00,FOXNEWSW,23,FOXNEWSW_20211028_050000_Tucker_Carlson_Tonight/start/840,THIS WILL HAVE MASSIVE RAMIFICATIONS FOR PEOPLE
2021-10-28 05:16:00,FOXNEWSW,4,FOXNEWSW_20211028_050000_Tucker_Carlson_Tonight/start/960,OUR LEADERS ARENT EVEN PRETENDING TO ARE
2021-10-28 05:27:00,FOXNEWSW,10,FOXNEWSW_20211028_050000_Tucker_Carlson_Tonight/start/1620,MASKLESS BIDEN DEEP IN A THRONG OF PEOPLE
2021-10-28 05:28:00,FOXNEWSW,26,FOXNEWSW_20211028_050000_Tucker_Carlson_Tonight/start/1680,DR JOSEPH LADAPO FLORIDA SURGEON GENERAL
2021-10-28 05:30:00,FOXNEWSW,15,FOXNEWSW_20211028_050000_Tucker_Carlson_Tonight/start/1800,DR JOSEPH LADAPO FLORIDA SURGEON GENERAL FL SURGEON GENERAL NOT MUCH DATA TO SUPPORT
2021-10-28 05:37:00,FOXNEWSW,18,FOXNEWSW_20211028_050000_Tucker_Carlson_Tonight/start/2220,ALLISON WILLIAMS FORMER ESPN REPORTER ESPN DENIED WILLIAMS EXEMPTION REQUEST
2021-10-28 05:38:00,FOXNEWSW,9,FOXNEWSW_20211028_050000_Tucker_Carlson_Tonight/start/2280,WILLIAMS IM NOT ANTIVAX
2021-10-28 05:39:00,FOXNEWSW,15,FOXNEWSW_20211028_050000_Tucker_Carlson_Tonight/start/2340,ALLISON WILLIAMS FORMER ESPN REPORTER ESPN DENIED WILLIAMS EXEMPTION REQUEST
2021-10-28 05:48:00,FOXNEWSW,5,FOXNEWSW_20211028_050000_Tucker_Carlson_Tonight/start/2880,34 NORTHERN CALIFORNIA LOCATIONS
2021-10-28 05:49:00,FOXNEWSW,15,FOXNEWSW_20211028_050000_Tucker_Carlson_Tonight/start/2940,VA GOV RACE COMES DOWN TO A SINGLE QUESTION
2021-10-28 05:52:00,FOXNEWSW,16,FOXNEWSW_20211028_050000_Tucker_Carlson_Tonight/start/3120,GLENN YOUNGKIN R VIRGINIA GOVERNOR CANDIDATE
2021-10-28 05:53:00,FOXNEWSW,20,FOXNEWSW_20211028_050000_Tucker_Carlson_Tonight/start/3180,DEM CANDIDATE TERRY MCAULIFFE SAID PARENTS
2021-11-02 00:18:00,FOXNEWSW,5,FOXNEWSW_20211102_000000_Tucker_Carlson_Tonight/start/1080,LA FIRST EVER TUCKER CARLSON WNAEEKI AN ENVENT
2021-11-02 06:00:00,FOXNEWSW,8,FOXNEWSW_20211102_050000_Tucker_Carlson_Tonight/start/3600,AMERICANS LOSE CONFIDENCE IN BIDEN DEMS 22
2021-11-04 00:07:00,FOXNEWSW,18,FOXNEWSW_20211104_000000_Tucker_Carlson_Tonight/start/420,BRIT HUME SENIOR POLITICAL ANALYST. EXCLUSIVE
2021-11-04 00:07:00,FOXNEWSW,18,FOXNEWSW_20211104_000000_Tucker_Carlson_Tonight/start/420,VOTERS ARE REJECTING LAWLESSNESS DISORDER
2021-11-04 00:08:00,FOXNEWSW,12,FOXNEWSW_20211104_000000_Tucker_Carlson_Tonight/start/480,BRIT HUME SENIOR POLITICAL ANALYST VOTERS ARE REJECTING HURTFUL SCHOOL
2021-11-04 00:11:00,FOXNEWSW,13,FOXNEWSW_20211104_000000_Tucker_Carlson_Tonight/start/660,GLENN YOUNGKIN R VIRGINIA GOVERNORELECT. U S A TERRY MCAULIFFE SAID PARENTS SHOULDNT HAVE A SAY IN WHAT SCHOOLS TEACH
2021-11-04 00:12:00,FOXNEWSW,16,FOXNEWSW_20211104_000000_Tucker_Carlson_Tonight/start/720,VA GOVERNOR ELECT GLENN YOUNGKIN TALKS TO TUCKER
2021-11-04 00:13:00,FOXNEWSW,19,FOXNEWSW_20211104_000000_Tucker_Carlson_Tonight/start/780,GLENN YOUNGKIN R VIRGINIA GOVERNORELECT VOTERS ARE REJECTING HURTFUL
2021-11-04 00:23:00,FOXNEWSW,23,FOXNEWSW_20211104_000000_Tucker_Carlson_Tonight/start/1380,CHISTOPHER RUFO EXPOSED DIVISIVE LESSON PLANS
2021-11-04 00:24:00,FOXNEWSW,7,FOXNEWSW_20211104_000000_Tucker_Carlson_Tonight/start/1440,CHRISTOPHER RUFO JOURNALIST POWERLESS PARENTS HAVE HAD ENOUGH
2021-11-04 00:45:00,FOXNEWSW,19,FOXNEWSW_20211104_000000_Tucker_Carlson_Tonight/start/2700,DEFUND THE POLICE PLAN REJECTED IN MINNEAPOLIS. FORMER NYPD OFFICER ERIC ADAMS ELECTED NYC MAYOR
2021-11-04 00:47:00,FOXNEWSW,28,FOXNEWSW_20211104_000000_Tucker_Carlson_Tonight/start/2820,BILLY PREMPEH R NEW JERSEY CONGRESSIONAL CANDIDATE. MURPHY NARROWLY BEATS CIATTARELLI FOR NJ GOVERNOR
2021-11-04 01:00:00,FOXNEWSW,11,FOXNEWSW_20211104_000000_Tucker_Carlson_Tonight/start/3600,VOTERS REJECT THE DESTRUCTIVE DEM AGENDA 2
2021-11-06 00:09:00,FOXNEWSW,50,FOXNEWSW_20211106_000000_Tucker_Carlson_Tonight/start/540,JONATHAN FAHEY FORMER ACTING ICE DIRECTOR
2021-11-06 00:10:00,FOXNEWSW,27,FOXNEWSW_20211106_000000_Tucker_Carlson_Tonight/start/600,JONATHAN FAHEY FORMER ACTING ICE DIRECTOR TUCKER CARLSON TONIGHT INVESTIGATES
2021-11-06 00:23:00,FOXNEWSW,20,FOXNEWSW_20211106_000000_Tucker_Carlson_Tonight/start/1380,KAROL MARKOWICZ NEW YORK POST COLUMNIST AARON RODGERS SHAMING AND CANCELING
2021-11-06 00:25:00,FOXNEWSW,21,FOXNEWSW_20211106_000000_Tucker_Carlson_Tonight/start/1500,KAROL MARKOWICZ NEW YORK POST COLUMNIST
2021-11-06 00:25:00,FOXNEWSW,21,FOXNEWSW_20211106_000000_Tucker_Carlson_Tonight/start/1500,KAROL MARKOWICZ NEW YORK POST COLUMNIST BIG BIRD TOLD ME TO GET THE SHOT
2021-11-06 00:28:00,FOXNEWSW,10,FOXNEWSW_20211106_000000_Tucker_Carlson_Tonight/start/1680,BIDEN UNVEILS VACCINE RULES THAT AFFECT MORE THAN 100 MILLION WORKERS
2021-11-06 00:36:00,FOXNEWSW,21,FOXNEWSW_20211106_000000_Tucker_Carlson_Tonight/start/2160,BLACK REPUBLICAN IS BRANDED A WHITE SUPREMACIST
2021-11-06 00:37:00,FOXNEWSW,22,FOXNEWSW_20211106_000000_Tucker_Carlson_Tonight/start/2220,HORACE COOPER PROJECT 21 COCHAIR
2021-11-06 00:37:00,FOXNEWSW,22,FOXNEWSW_20211106_000000_Tucker_Carlson_Tonight/start/2220,HORACE COOPER PROJECT 21 COCHAIR CNN MSNBC CANT STAND WINSOME SEARS BECAUSE
2021-11-06 00:38:00,FOXNEWSW,11,FOXNEWSW_20211106_000000_Tucker_Carlson_Tonight/start/2280,HORACE COOPER PROJECT 21 COCHARR CNN MSNBC CANT STAND WINSOME SEARS BECAUSE. B CNN MSNBC CANT STAND WINSOME SEARS BECAUSE SHE IS A GUNTOTING BADASS WITH HER OWN MIND
2021-11-06 00:39:00,FOXNEWSW,30,FOXNEWSW_20211106_000000_Tucker_Carlson_Tonight/start/2340,DEMS ON VA LOSS MUST BE THOSE DOG WHISTLES AGAIN
2021-11-06 00:48:00,FOXNEWSW,26,FOXNEWSW_20211106_000000_Tucker_Carlson_Tonight/start/2880,RITTENHOUSE LAWYER HE ACTED IN SELFDEFENSE
2021-11-06 00:58:00,FOXNEWSW,34,FOXNEWSW_20211106_000000_Tucker_Carlson_Tonight/start/3480,L ACTIVIST IBRAM X KENDI BACKS AWAY FROM STUDY WHICH UNDERMINES HIS WHITE PRIVILEGE NARRATIVE. RN G
2021-11-06 00:59:00,FOXNEWSW,20,FOXNEWSW_20211106_000000_Tucker_Carlson_Tonight/start/3540,AUTHOR PRETENDED TO BE BLACK TO GET INTO MEDICAL SCHOOL
2021-11-06 05:05:00,FOXNEWSW,3,FOXNEWSW_20211106_050000_Tucker_Carlson_Tonight/start/300,THESE ARE THE CRIMINALS BIDEN IS WELCOMING ERE
2021-11-06 05:08:00,FOXNEWSW,35,FOXNEWSW_20211106_050000_Tucker_Carlson_Tonight/start/480,EXCLUSIVE JONATHAN FAHEY FORMER ACTING ICE DIRECTOR ICE HAS DROPPED REQUESTS TO ARREST
2021-11-06 05:09:00,FOXNEWSW,49,FOXNEWSW_20211106_050000_Tucker_Carlson_Tonight/start/540,JONATHAN FAHEY FORMER ACTING ICE DIRECTOR
2021-11-06 05:10:00,FOXNEWSW,28,FOXNEWSW_20211106_050000_Tucker_Carlson_Tonight/start/600,JONATHAN FAHEY FORMER ACTING ICE DIRECTOR TUCKER CARLSON TONIGHT INVESTIGATES. TUCKER CARLSON TONIGHT INVESTIGATES THE CRIMINALS BIDEN REFUSES TO DEPORT
2021-11-06 05:23:00,FOXNEWSW,22,FOXNEWSW_20211106_050000_Tucker_Carlson_Tonight/start/1380,AARON RODGERS: SHAMING AND CANCELING PEOPLE OVER THEIR VACCINATION STATUS IS WRONG
2021-11-06 05:36:00,FOXNEWSW,22,FOXNEWSW_20211106_050000_Tucker_Carlson_Tonight/start/2160,BLACK REPUBLICAN IS BRANDED A WHITE SUPREMACIST
2021-11-06 05:38:00,FOXNEWSW,7,FOXNEWSW_20211106_050000_Tucker_Carlson_Tonight/start/2280,HORACE COOPER PROJECT 21 COCHAR FROM DOG WHISTLES TO BULL HORNS
2021-11-06 05:39:00,FOXNEWSW,25,FOXNEWSW_20211106_050000_Tucker_Carlson_Tonight/start/2340,DEMS ON VA LOSS MUST BE THOSE DOG WHISTLES AGAIN
2021-11-06 05:39:00,FOXNEWSW,25,FOXNEWSW_20211106_050000_Tucker_Carlson_Tonight/start/2340,HORACE COOPER PROJECT 21 COCHAIR
2021-11-06 05:48:00,FOXNEWSW,26,FOXNEWSW_20211106_050000_Tucker_Carlson_Tonight/start/2880,1 JULIO ROSAS TOWNHALL SENIOR WRITER
2021-11-06 05:57:00,FOXNEWSW,27,FOXNEWSW_20211106_050000_Tucker_Carlson_Tonight/start/3420,AUTHOR SENT IN IDENTICAL APPLICATIONS TO MED SCHOOL BUT CHANGED HIS RACE
2021-11-06 05:58:00,FOXNEWSW,34,FOXNEWSW_20211106_050000_Tucker_Carlson_Tonight/start/3480,L ACTIVIST IBRAM X KENDI BACKS AWAY FROM STUDY WHICH UNDERMINES HIS WHITE PRIVILEGE NARRATIVE